"","1_the_astral","2_astral_light","3_seance","4_progression","Other_1","Other_2","Other_3","Other_4","Other_5","Other_6","Other_7","Other_8","Other_9","Other_10","Other_11","Other_12","Other_13","Other_14","Other_15","Other_16","Other_17"
"1","golden.dawn","astral.light","higher.self","progress","catholic.church","editorial.note","prayer.of.affection","river.of.life","supreme.god","second.order","holy.spirit","nerve.force","divine.name","four.element","right.hand","day.house","primum.mobile","sphere.of.sensation","hebrew.letter","second.order","chief.adept"
"2","astral.plane","same.way","physical.brain","incarnation","higher.plane","tree.of.life","prayer.of.simplicity","master.of.master","free.will","animal.soul","scale.of.the.king","physical.brain","golden.dawn","odic.fluid","christian.church","pose.of.mind","manifestation","divine.consciousness","own.effort","X.6..grade","tree.of.life"
"3","astral.projection","ether","material.body","rosicrucian.initiation","higher.self","golden.dawn","divine.love","one.thing","ahura.mazda","member.of.the.second.order","own.heart","tattva.card","first.order","human.being","left.hand","grey.mist","four.state","automatic.consciousness","white.light","X5.0..6.","ten.sephiroth"
"4","hebrew.letter","spirit.vision","lower.self","other.word","son.of.man","stella.matutina","human.love","manifestation","higher.plane","grave.matter","manifestation","meaning.of.the.symbol","outer.order","modern.science","ancient.mystery","form.of.the.symbol","greater.world","physical.body","yi.king","X0..6.","divine.name"
"5","second.order","material.body","manifestation","christian.church","human.nature","kabbalistic.tree","mystic.state","will.force","spirit.of.the.element","other.member","first.step","immediate.concentration","perfect.knowledge","scale.of.the.queen","self.sacrifice","abstract.idea","river.of.life","human.consciousness","letter.tau","coming.of.the.master","world.of.formation"
"6","tarot.trump","only.way","sphere.of.sensation","divine.name","world.of.briah","cromlech.temple","vocal.prayer","magical.power","knowledge.of.the.supreme.god","chief.adept","spiritual.plane","concentration.of.thought","sensitiveness.of.brain","human.intellect","great.name","water.in.the.abstract","own.imagination","human.will","frater.shemesh","risen.sun","third.point"
"7","aleister.crowley","left.hand","evil.force","own.power","ancient.of.day","house.of.the.figure","elemental.force","astral.force","opposing.force","v.h..fra","own.aura","vital.energy","power.of.perception","holy.spirit","lower.grade","pose.of.mind.cognate","inviolable.natural.law","spiritual.consciousness","auto..hypnosis","companion.of.the.sun","great.mystical.writer"
"8","spirit.vision","source.of.error","new.life","physical.death","black.colour","rosicrucian.order","negative.attitude","point.of.view","earthly.surroundings","adept.in.charge","scale.of.colour","actual.physical.blood","grade.of.the.first.order","divine.self","holy.spirit","mind.cognate","natural.law","material.universe","means.of.a.symbol","great.master","mystical.writer"
"9","cromlech.temple","same.process","seven.principle","spiritual.power","higher.grade","opening.of.the.vault","fourth.state","purity.of.life","vital.importance","symbol.of.horus","higher.grade","physical.blood","seven.side","perfect.man","adeptus.minor","particular.element","physical.world","six.sephiroth","elemental.fire","X6..sign","contemplation.of.the.divine"
"10","same.time","higher.plane","simon.peter","other.hand","equal.power","supreme.initiation","third.state","sacred.science","ancient.egyptian","case.of.difficulty","high.ideal","centr.of.the.brain","many.thing","modern.chemistry","red.ray","feeling.of.the.physical.effect","same.result","akashic.envelope","lunar.crescent","drop.of.water","divine.light"
"11","editorial.note","ideal.form","spiritual.growth","material.body","world.of.yetzirah","part.ii","flashing.colour","lord.jesus","lower.aspect","inferior.members","lust.of.the.flesh","various.divine","higher.grade","next.time","tree.of.life","physical.effect","range.of.phenomena","such.knowledge","elemental.spirit","rainbow.colour","path.of.tau"
"12","first.step","material.world","corresponding.region","occult.study","highest.self","ii.of.this.book","point.of.view","permanent.relation","higher.aspect","spiritual.power","immaculate.conception","spirit.name","vibratory.mode","complete.investiture","original.note","house.of.saturn","lesser.world","extension.of.the.power","tarot.trump","long.time","sacred.name"
"13","florence.farr","own.environment","spiritual.nature","gradual.process","highest.part","maternal.uncle","many.case","shape.in.briah","inca.of.peru","ascetic.life","three.grade","other.brain","brief.outline","investiture.of.odic.fluid","sacramental.scale","night.house","force.of.the.greater.world","material.body","great.man","white.brilliance","planetary.force"
"14","yi.king","higher.self","own.gods","occult.teaching","lower.sephiroth","same.time","altar.diagram","angelic.host","dominant.spirit","higher.plane","grade.of.prayer","brain.cell","symbolic.form","astral.light","first.initiation","house.of.jupiter","state.of.ordinary.prayer","spiritual.development","convenient.size","X5...6.","letter.of.the.hebrew.alphabet"
"15","five.time","great.angel","higher.life","elixir.vita","letter.shin","fourth.volume","pillar.of.mildness","two.thing","sun.order","earthly.surroundings","evil.thing","whole.consciousness","side.of.the.vault","editorial.note","great.initiate","evil.thing","ordinary.prayer","law.of.the.condition","letter.peh","human.intellect","hebrew.alphabet"
"16","wynn.westcott","cross.of.suffering","son.of.god","new.life","lord.of.spirit","water.of.earth","X8..grade","different.plane","original.being","next.time","lower.personality","perception.of.the.astral.plane","esoteric.tradition","aspect.of.the.spirit","yellow.ray","meaning.of.the.symbol","planetary.spirit","one.form","letter.resh","divine.spirit","four.worlds"
"17","israel.regardie","holy.name","earth.plane","larger.life","name.in.the.presence","seven.vision","pillar.of.mercy","red.lion","lotus.wand","complete.investiture","own.will","defect.in.the.sensorium","dim.vision","five.force","lower.part","hypersensitive.brain","other.man","own.sphere","resh.for.the.sun","one.member","evil.side"
"18","ritual.magic","fiery.nature","perfect.man","second.grade","presence.of.the.ancient","original.note","pillar.of.severity","tree.of.life","planetary.spirit","investiture.of.odic.fluid","one.self","faulty.glass","theban.letter","passive.condition","great.truth","brain.centre","new.world","complete.knowledge","good.man","great.symbol","higher.aspiration"
"19","astral","reflection.in.miniature","middle.pillar","golden.ark","divine.spirit","first.time","perfect.judge","akashic.force","new.testament","odic.fluid","own.idea","particular.direction","letter.of.the.enochian.alphabet","zelator.adeptus.minor","ascent.of.the.mountain","new.world","astral","image.on.the.sphere","brilliant.white.light","sun.of.righteousness","second.adept"
"20","physical.basis","tiny.image","right.side","eagle.m.s.","apostolic.succession","esoteric.teaching","arm.on.the.side","occult.work","pure.gold","same.time","soul.of.man","direction.by.symbol","enochian.alphabet","heart.of.man","name.jhvh","forty.day","western.occultism","brain.centre","front.of.any.image","year.of.the.risen.sun","sephiroth.of.the.tree"
"21","magical.motto","image.of.tree","evil.spirit","human.body","holy.catholic","lid.of.the.pastos","four.state","vital.force","normal.life","physical.basis","israel.regardie","various.quality","concourse.of.the.force","divine.ray","mighty.mystery","higher.plane","lower.grade","picture.on.the.sphere","path.of.saturn","very.word","four.plane"
"22","dawn.initiate","brother.man","progression","symbolic.representation","three.great.branch","head.of.the.dragon","force.of.nature","angelic.name","aspect.of.mind","astral.light","will.power","quality.in.each.man","roman.character","angelic.self","mountain.of.god","earthly.surroundings","certain.formula","body.of.the.percipient","night.of.time","holy.order","sepher.yetzirah"
"23","complex.symbol","water.of.creation","divine.light","physical.body","great.branch","lower.self","occult.force","physical.force","heresy.of.separateness","editorial.note","apostolic.succession","planetary.symbol","regardie.on.page","higher.force","incarnation","next.time","higher.plane","astral.sphere","memory.picture","elementary.lesson","spiritual.plane"
"24","king.hexagram","alchemic.process","narrow.path","animal.life","branch.of.the.catholic.church","human.consciousness","red.clay","system.of.divination","sight.of.the.fact","will.force","seven.sacrament","own.word","rosy.cross","work.of.evolution","divine.spirit","complete.investiture","earthly.surroundings","great.work","same.way","immediate.follower","spiritual.force"
"25","shell.stick","lustral.water","other.way","most.case","divine.revelation","divine.spark","clay.of.adamah","physical.process","permanent.relation","angelic.host","ahura.mazda","black.egg","X120.year","plane.of.assiah","st..paul","investiture.of.odic.fluid","next.time","lecture.on.the.microcosm","intellectual.vanity","chief.prayer","soul.of.man"
"26","mistress.of.aleister","new.birth","large.number","earnest.student","other.faith","little.interest","higher.adept","occult.subject","fountain.source","magical.power","sight.of.the.fact","magical.implement","particular.interest","pure.gold","such.form","odic.fluid","complete.investiture","seven.planets","confessio.fraternitatis","companion.of.the.sun.order","fountain.source"
"27","mistress.of.aleister.crowley","lotus.wand","certain.portion","important.part","higher.genius","prominent.member","central.spiritual.sun","thing.at.a.time","next.time","two.thing","external.manifestation","personal.element","enochian.tablet","master.of.masters","sphere.of.the.mind","same.time","investiture.of.odic.fluid","seat.of.the.automatic.consciousness","letter.shin","spiritual.force","higher.plane"
"28","letter.kaph","complex.symbol","portion.of.the.sphere","plane.of.matter","four.worlds","seven.strand","spiritual.sun","three.thing","complete.investiture","one.thing","higher.plane","higher.plane","higher.plane","second.order","modern.student","physical.basis","odic.fluid","side.by.side","number.of.the.letter","occult.study","earthly.surroundings"
"29","letter.beth","X6..sign","region.of.the.cosmos","certain.amount","new.testament","red.of.heaven","ordinary.prayer","concentration.of.mind","investiture.of.odic.fluid","human.body","earthly.surroundings","earthly.surroundings","earthly.surroundings","divine.man","whole.order","astral.light","same.time","daily.duty","lower.plane","manifestation","next.time"
"30","letter.gimel","akashic.envelope","X6..ritual","human.life","ancient.m.s.","royal.robe","practice.of.meditation","soul.of.thing","odic.fluid","other.hand","next.time","next.time","next.time","sepher.yetzirah","white.thread","editorial.note","physical.basis","wise.man","second.grade","X120.year","complete.investiture"
"31","letter.daleth","own.aura","true.student","most.people","vocal.prayer","kingdom.of.love","state.of.prayer","astral.counterpart","same.time","primum.mobile","complete.investiture","complete.investiture","complete.investiture","higher.plane","ray.of.power","will.force","astral.light","power.of.transmutation","black.egg","own.idea","investiture.of.odic.fluid"
"32","new.country","divine.name","own.way","considerable.amount","earthly.surroundings","kingdom.of.heaven","affective.prayer","metallic.root","physical.basis","ideal.form","investiture.of.odic.fluid","investiture.of.odic.fluid","investiture.of.odic.fluid","earthly.surroundings","blue.sky","angelic.host","editorial.note","negative.pole","fire.of.earth","incarnation","odic.fluid"
"33","regardie.on.page","magical.implement","own.wing","chief.danger","next.time","roll.xxxiii","third.stage","stone.of.the.philosopher","astral.light","different.plane","odic.fluid","odic.fluid","odic.fluid","same.time","wisdom.of.the.spirit","magical.power","will.force","material.form","one.form","higher.plane","same.time"
"34","foundation.of.the.second.order","astral.influence","long.period","spiritual.progress","complete.investiture","h.lord","state.of.the.prayer","name.of.the.lord.jesus","editorial.note","red.lion","same.time","same.time","same.time","physical.basis","will.of.the.father","two.thing","angelic.host","physical.brain","physical.brain","earthly.surroundings","physical.basis"
"35","magic.in.england","christian.rosycross","new.thing","divine.power","investiture.of.odic.fluid","danger.to.life","emotion.of.love","personal.relation","will.force","first.step","physical.basis","physical.basis","physical.basis","will.force","green.thread","one.thing","magical.power","hypersensitive.brain","lower.grade","next.time","astral.light"
"36","alchemical.process","good.example","fire.of.love","higher.life","odic.fluid","X8th.house","active.emotion","incarnate.word","angelic.host","magical.motto","astral.light","astral.light","astral.light","angelic.host","great.teaching","animal.soul","two.thing","higher.plane","mystic.state","complete.investiture","editorial.note"
"37","certain.confusion","two.form","year.of.new.beginning","great.god","same.time","X3.week","ray.of.light","eastern.quadrangle","magical.power","florence.farr","editorial.note","editorial.note","editorial.note","magical.power","sign.of.the.cross","spiritual.power","one.thing","earthly.surroundings","higher.plane","investiture.of.odic.fluid","will.force"
"38","flash.tablet","higher.teaching","new.beginning","material.plane","physical.basis","fire.of.earth","physical.effect","transcendental.philosophy","two.thing","contemplation.of.the.divine","will.force","will.force","will.force","two.thing","word.of.the.master","human.body","animal.soul","next.time","earthly.surroundings","odic.fluid","angelic.host"
"39","enochian.magic","astral.projection","sthula.sharira","material.alchemy","astral.light","christian.rosycross","progress","sequential.effect","one.thing","divine.light","angelic.host","angelic.host","angelic.host","one.thing","magical.power","other.hand","spiritual.power","complete.investiture","next.time","same.time","magical.power"
"40","enochian.language","astral.plane","other.disciple","processis.of.nature","editorial.note","rosy.cross","most.people","effect.in.continuity","animal.soul","golden.dawn","magical.power","magical.power","magical.power","animal.soul","material.form","primum.mobile","human.body","investiture.of.odic.fluid","complete.investiture","physical.basis","two.thing"
"41","sphere.group","astral","child.in.the.womb","cycle.of.incarnation","will.force","three.time","form.of.the.man","external.manifestation","spiritual.power","auto..hypnosis","two.thing","two.thing","two.thing","spiritual.power","holy.name","ideal.form","other.hand","odic.fluid","investiture.of.odic.fluid","astral.light","one.thing"
"42","planetary.spirit","manifestation","manifestation.of.the.master","real.life","angelic.host","command.of.the.master","two.form","central.source","human.body","means.of.a.symbol","one.thing","one.thing","one.thing","human.body","astral","different.plane","ideal.form","same.time","odic.fluid","editorial.note","animal.soul"
"43","force.of.life","progress","voice.of.the.master","power.of.the.father","magical.power","mortal.man","human.consciousness","original.source","other.hand","elemental.fire","animal.soul","animal.soul","animal.soul","other.hand","first.grade","red.lion","different.plane","physical.basis","same.time","will.force","spiritual.power"
"44","other.member","progression","side.of.the.ship","full.force","two.thing","enochian.tablet","o..ceremony","self.reference","primum.mobile","lunar.crescent","spiritual.power","spiritual.power","spiritual.power","primum.mobile","form.of.the.man","first.step","red.lion","astral.light","physical.basis","angelic.host","human.body"
"45","western.occultism","evil.spirit","ordinary.prayer","symbology.of.colour","one.thing","higher.plane","certain.formula","permanent.element","ideal.form","black.egg","human.body","human.body","human.body","ideal.form","ether","magical.motto","first.step","editorial.note","astral.light","magical.power","other.hand"
"46","good.example","incarnation","other.man","further.ceremony","animal.soul","earthly.surroundings","higher.plane","form.in.yetzirah","different.plane","elemental.spirit","other.hand","other.hand","other.hand","different.plane","higher.teaching","florence.farr","magical.motto","will.force","editorial.note","two.thing","primum.mobile"
"47","soul.of.thing","spiritual.growth","spiritual.development","devotion.of.the.quipus","spiritual.power","next.time","earthly.surroundings","physical.basis","red.lion","fire.of.earth","primum.mobile","primum.mobile","primum.mobile","red.lion","seven.sacrament","contemplation.of.the.divine","florence.farr","angelic.host","will.force","one.thing","ideal.form"
"48","will.power","earthly.surroundings","higher.genius","first.step","human.body","complete.investiture","next.time","force.of.life","first.step","dawn.initiate","ideal.form","ideal.form","ideal.form","first.step","immaculate.conception","divine.light","contemplation.of.the.divine","magical.power","angelic.host","animal.soul","different.plane"
"49","astral.light","next.time","divine.man","ray.of.light","other.hand","investiture.of.odic.fluid","complete.investiture","four.element","magical.motto","complex.symbol","different.plane","different.plane","different.plane","magical.motto","command.of.the.master","golden.dawn","divine.light","two.thing","magical.power","spiritual.power","red.lion"
"50","manifestation","complete.investiture","adeptus.minor","astral.influence","primum.mobile","odic.fluid","investiture.of.odic.fluid","spiritual.development","florence.farr","tarot.trump","red.lion","red.lion","red.lion","florence.farr","ancient.m.s.","auto..hypnosis","golden.dawn","one.thing","two.thing","human.body","first.step"
"51","progress","investiture.of.odic.fluid","o..ceremony","personal.element","ideal.form","physical.basis","odic.fluid","first.grade","contemplation.of.the.divine","planetary.spirit","magical.motto","first.step","first.step","contemplation.of.the.divine","higher.plane","means.of.a.symbol","auto..hypnosis","animal.soul","one.thing","other.hand","magical.motto"
"52","progression","odic.fluid","forty.day","particular.interest","different.plane","astral.light","same.time","other.word","divine.light","yi.king","florence.farr","magical.motto","magical.motto","divine.light","earthly.surroundings","elemental.fire","means.of.a.symbol","spiritual.power","animal.soul","primum.mobile","florence.farr"
"53","ether","same.time","mortal.man","son.of.god","red.lion","will.force","physical.basis","three.time","golden.dawn","aleister.crowley","contemplation.of.the.divine","florence.farr","florence.farr","golden.dawn","next.time","lunar.crescent","elemental.fire","human.body","spiritual.power","ideal.form","golden.dawn"
"54","evil.spirit","physical.basis","astral.light","ascetic.life","first.step","angelic.host","astral.light","spiritual.sun","auto..hypnosis","king.hexagram","divine.light","contemplation.of.the.divine","contemplation.of.the.divine","auto..hypnosis","complete.investiture","black.egg","lunar.crescent","other.hand","human.body","different.plane","auto..hypnosis"
"55","incarnation","editorial.note","astral.projection","normal.life","magical.motto","magical.power","editorial.note","original.being","means.of.a.symbol","shell.stick","golden.dawn","divine.light","divine.light","means.of.a.symbol","investiture.of.odic.fluid","elemental.spirit","black.egg","primum.mobile","other.hand","red.lion","means.of.a.symbol"
"56","spiritual.growth","will.force","astral.plane","aspect.of.mind","florence.farr","two.thing","will.force","heresy.of.separateness","elemental.fire","astral.projection","auto..hypnosis","golden.dawn","auto..hypnosis","elemental.fire","odic.fluid","fire.of.earth","elemental.spirit","ideal.form","primum.mobile","first.step","elemental.fire"
"57","higher.plane","angelic.host","astral","astral.light","contemplation.of.the.divine","one.thing","angelic.host","fountain.source","lunar.crescent","great.man","means.of.a.symbol","auto..hypnosis","means.of.a.symbol","lunar.crescent","same.time","dawn.initiate","fire.of.earth","different.plane","ideal.form","magical.motto","lunar.crescent"
"58","earthly.surroundings","magical.power","progress","astral.projection","divine.light","animal.soul","magical.power","higher.plane","black.egg","one.form","elemental.fire","means.of.a.symbol","elemental.fire","black.egg","physical.basis","complex.symbol","dawn.initiate","red.lion","different.plane","florence.farr","black.egg"
"59","next.time","two.thing","ether","astral.plane","golden.dawn","spiritual.power","two.thing","earthly.surroundings","elemental.spirit","mistress.of.aleister","lunar.crescent","elemental.fire","lunar.crescent","elemental.spirit","astral.light","tarot.trump","complex.symbol","first.step","red.lion","contemplation.of.the.divine","elemental.spirit"
"60","complete.investiture","one.thing","incarnation","astral","auto..hypnosis","human.body","one.thing","next.time","fire.of.earth","mistress.of.aleister.crowley","black.egg","lunar.crescent","black.egg","fire.of.earth","editorial.note","planetary.spirit","tarot.trump","magical.motto","first.step","divine.light","fire.of.earth"
"61","investiture.of.odic.fluid","animal.soul","higher.plane","manifestation","means.of.a.symbol","other.hand","animal.soul","complete.investiture","dawn.initiate","X6..sign","elemental.spirit","elemental.spirit","elemental.spirit","dawn.initiate","will.force","yi.king","yi.king","florence.farr","magical.motto","golden.dawn","dawn.initiate"
"62","odic.fluid","spiritual.power","earthly.surroundings","progression","elemental.fire","primum.mobile","spiritual.power","investiture.of.odic.fluid","complex.symbol","spirit.vision","fire.of.earth","fire.of.earth","fire.of.earth","complex.symbol","angelic.host","aleister.crowley","aleister.crowley","contemplation.of.the.divine","florence.farr","auto..hypnosis","complex.symbol"
"63","will.force","human.body","next.time","ether","lunar.crescent","ideal.form","human.body","odic.fluid","tarot.trump","left.hand","dawn.initiate","dawn.initiate","dawn.initiate","tarot.trump","two.thing","king.hexagram","king.hexagram","divine.light","contemplation.of.the.divine","means.of.a.symbol","tarot.trump"
"64","angelic.host","other.hand","complete.investiture","evil.spirit","black.egg","different.plane","other.hand","same.time","yi.king","own.heart","complex.symbol","complex.symbol","complex.symbol","planetary.spirit","one.thing","shell.stick","shell.stick","golden.dawn","divine.light","elemental.fire","planetary.spirit"
"65","magical.power","primum.mobile","investiture.of.odic.fluid","spiritual.growth","elemental.spirit","red.lion","primum.mobile","astral.light","aleister.crowley","spiritual.plane","tarot.trump","tarot.trump","tarot.trump","yi.king","animal.soul","astral.projection","astral.projection","auto..hypnosis","golden.dawn","lunar.crescent","yi.king"
"66","two.thing","different.plane","odic.fluid","higher.plane","fire.of.earth","first.step","ideal.form","editorial.note","king.hexagram","ten.sephiroth","planetary.spirit","planetary.spirit","planetary.spirit","aleister.crowley","spiritual.power","great.man","great.man","means.of.a.symbol","dawn.initiate","black.egg","aleister.crowley"
"67","one.thing","red.lion","same.time","earthly.surroundings","dawn.initiate","magical.motto","different.plane","animal.soul","shell.stick","symbolic.representation","yi.king","yi.king","yi.king","king.hexagram","human.body","one.form","one.form","elemental.fire","complex.symbol","elemental.spirit","king.hexagram"
"68","animal.soul","first.step","physical.basis","next.time","complex.symbol","florence.farr","red.lion","spiritual.power","astral.projection","tree.of.life","aleister.crowley","aleister.crowley","aleister.crowley","shell.stick","other.hand","mistress.of.aleister","mistress.of.aleister","lunar.crescent","planetary.spirit","fire.of.earth","shell.stick"
"69","spiritual.power","magical.motto","editorial.note","complete.investiture","tarot.trump","contemplation.of.the.divine","first.step","human.body","great.man","akashic.envelope","king.hexagram","king.hexagram","king.hexagram","astral.projection","primum.mobile","mistress.of.aleister.crowley","mistress.of.aleister.crowley","black.egg","aleister.crowley","dawn.initiate","astral.projection"
"70","human.body","florence.farr","will.force","investiture.of.odic.fluid","planetary.spirit","divine.light","magical.motto","other.hand","one.form","material.world","shell.stick","shell.stick","shell.stick","great.man","ideal.form","X6..sign","X6..sign","elemental.spirit","king.hexagram","complex.symbol","great.man"
"71","other.hand","contemplation.of.the.divine","angelic.host","odic.fluid","yi.king","auto..hypnosis","florence.farr","primum.mobile","mistress.of.aleister","own.environment","astral.projection","astral.projection","astral.projection","one.form","different.plane","spirit.vision","spirit.vision","fire.of.earth","shell.stick","tarot.trump","one.form"
"72","primum.mobile","divine.light","magical.power","same.time","aleister.crowley","means.of.a.symbol","contemplation.of.the.divine","ideal.form","mistress.of.aleister.crowley","source.of.error","great.man","great.man","great.man","mistress.of.aleister","red.lion","left.hand","left.hand","dawn.initiate","astral.projection","planetary.spirit","mistress.of.aleister"
"73","ideal.form","golden.dawn","two.thing","physical.basis","king.hexagram","elemental.fire","divine.light","first.step","X6..sign","own.aura","one.form","one.form","one.form","mistress.of.aleister.crowley","first.step","own.heart","own.heart","complex.symbol","mistress.of.aleister","yi.king","mistress.of.aleister.crowley"
"74","different.plane","auto..hypnosis","one.thing","editorial.note","shell.stick","lunar.crescent","golden.dawn","magical.motto","spirit.vision","path.of.tau","mistress.of.aleister","mistress.of.aleister","mistress.of.aleister","X6..sign","magical.motto","spiritual.plane","spiritual.plane","tarot.trump","mistress.of.aleister.crowley","aleister.crowley","X6..sign"
"75","red.lion","means.of.a.symbol","animal.soul","will.force","astral.projection","black.egg","auto..hypnosis","florence.farr","left.hand","narrow.path","mistress.of.aleister.crowley","mistress.of.aleister.crowley","mistress.of.aleister.crowley","spirit.vision","florence.farr","ten.sephiroth","ten.sephiroth","planetary.spirit","X6..sign","king.hexagram","spirit.vision"
"76","contemplation.of.the.divine","elemental.fire","spiritual.power","angelic.host","great.man","elemental.spirit","means.of.a.symbol","contemplation.of.the.divine","own.heart","convenient.size","X6..sign","X6..sign","X6..sign","left.hand","contemplation.of.the.divine","symbolic.representation","symbolic.representation","yi.king","spirit.vision","shell.stick","left.hand"
"77","divine.light","lunar.crescent","human.body","magical.power","one.form","dawn.initiate","elemental.fire","divine.light","spiritual.plane","scale.of.colour","spirit.vision","spirit.vision","spirit.vision","own.heart","divine.light","tree.of.life","tree.of.life","aleister.crowley","left.hand","astral.projection","own.heart"
"78","auto..hypnosis","black.egg","other.hand","two.thing","mistress.of.aleister","complex.symbol","lunar.crescent","golden.dawn","ten.sephiroth","scale.of.the.king","left.hand","left.hand","left.hand","spiritual.plane","golden.dawn","akashic.envelope","akashic.envelope","king.hexagram","own.heart","great.man","symbolic.representation"
"79","means.of.a.symbol","elemental.spirit","primum.mobile","one.thing","mistress.of.aleister.crowley","tarot.trump","black.egg","auto..hypnosis","symbolic.representation","scale.of.the.queen","ten.sephiroth","own.heart","own.heart","ten.sephiroth","auto..hypnosis","material.world","material.world","shell.stick","spiritual.plane","one.form","akashic.envelope"
"80","elemental.fire","fire.of.earth","ideal.form","animal.soul","X6..sign","planetary.spirit","elemental.spirit","means.of.a.symbol","tree.of.life","flashing.colour","symbolic.representation","spiritual.plane","spiritual.plane","symbolic.representation","means.of.a.symbol","own.environment","own.environment","astral.projection","ten.sephiroth","mistress.of.aleister","material.world"
"81","lunar.crescent","dawn.initiate","different.plane","primum.mobile","spirit.vision","yi.king","fire.of.earth","elemental.fire","akashic.envelope","elemental.force","tree.of.life","ten.sephiroth","ten.sephiroth","tree.of.life","elemental.fire","source.of.error","source.of.error","great.man","symbolic.representation","mistress.of.aleister.crowley","own.environment"
"82","black.egg","tarot.trump","red.lion","ideal.form","left.hand","aleister.crowley","dawn.initiate","lunar.crescent","material.world","ray.of.light","akashic.envelope","symbolic.representation","symbolic.representation","akashic.envelope","lunar.crescent","own.aura","own.aura","mistress.of.aleister","tree.of.life","spirit.vision","source.of.error"
"83","elemental.spirit","planetary.spirit","first.step","different.plane","own.heart","king.hexagram","complex.symbol","black.egg","own.environment","akashic.force","material.world","tree.of.life","tree.of.life","material.world","black.egg","path.of.tau","path.of.tau","mistress.of.aleister.crowley","akashic.envelope","left.hand","own.aura"
"84","fire.of.earth","yi.king","magical.motto","red.lion","spiritual.plane","shell.stick","tarot.trump","elemental.spirit","source.of.error","astral.force","own.environment","akashic.envelope","akashic.envelope","own.environment","elemental.spirit","narrow.path","narrow.path","X6..sign","material.world","own.heart","narrow.path"
"85","great.man","aleister.crowley","florence.farr","magical.motto","ten.sephiroth","astral.projection","planetary.spirit","fire.of.earth","own.aura","occult.work","source.of.error","material.world","material.world","source.of.error","fire.of.earth","convenient.size","convenient.size","spirit.vision","own.environment","spiritual.plane","convenient.size"
"86","one.form","king.hexagram","contemplation.of.the.divine","florence.farr","symbolic.representation","great.man","yi.king","dawn.initiate","path.of.tau","vital.force","path.of.tau","own.environment","own.environment","own.aura","dawn.initiate","scale.of.colour","scale.of.colour","left.hand","source.of.error","ten.sephiroth","scale.of.colour"
"87","X6..sign","shell.stick","golden.dawn","contemplation.of.the.divine","tree.of.life","one.form","aleister.crowley","complex.symbol","narrow.path","material.form","narrow.path","source.of.error","source.of.error","path.of.tau","complex.symbol","scale.of.the.king","scale.of.the.king","own.heart","own.aura","symbolic.representation","scale.of.the.king"
"88","left.hand","great.man","auto..hypnosis","divine.light","akashic.envelope","mistress.of.aleister","king.hexagram","tarot.trump","convenient.size","divine.name","convenient.size","own.aura","own.aura","narrow.path","tarot.trump","scale.of.the.queen","scale.of.the.queen","spiritual.plane","path.of.tau","tree.of.life","scale.of.the.queen"
"89","own.heart","one.form","means.of.a.symbol","golden.dawn","material.world","mistress.of.aleister.crowley","shell.stick","planetary.spirit","scale.of.colour","spiritual.force","scale.of.the.queen","path.of.tau","path.of.tau","convenient.size","planetary.spirit","flashing.colour","flashing.colour","ten.sephiroth","narrow.path","akashic.envelope","flashing.colour"
"90","spiritual.plane","mistress.of.aleister","elemental.fire","auto..hypnosis","own.environment","X6..sign","astral.projection","yi.king","scale.of.the.king","sacred.name","flashing.colour","narrow.path","narrow.path","scale.of.colour","yi.king","elemental.force","elemental.force","symbolic.representation","scale.of.colour","material.world","elemental.force"
"91","ten.sephiroth","mistress.of.aleister.crowley","lunar.crescent","means.of.a.symbol","source.of.error","spirit.vision","great.man","aleister.crowley","scale.of.the.queen","angelic.name","elemental.force","convenient.size","convenient.size","scale.of.the.king","aleister.crowley","ray.of.light","ray.of.light","tree.of.life","scale.of.the.king","own.environment","ray.of.light"
"92","symbolic.representation","own.heart","black.egg","elemental.fire","own.aura","left.hand","one.form","king.hexagram","flashing.colour","magical.implement","ray.of.light","scale.of.colour","scale.of.colour","flashing.colour","king.hexagram","akashic.force","akashic.force","material.world","scale.of.the.queen","source.of.error","akashic.force"
"93","tree.of.life","spiritual.plane","elemental.spirit","lunar.crescent","path.of.tau","own.heart","mistress.of.aleister","shell.stick","elemental.force","astral.influence","akashic.force","scale.of.the.king","scale.of.the.king","elemental.force","shell.stick","astral.force","astral.force","own.environment","flashing.colour","own.aura","astral.force"
"94","akashic.envelope","ten.sephiroth","fire.of.earth","black.egg","narrow.path","spiritual.plane","mistress.of.aleister.crowley","astral.projection","ray.of.light","higher.self","astral.force","scale.of.the.queen","scale.of.the.queen","ray.of.light","astral.projection","occult.work","occult.work","source.of.error","elemental.force","path.of.tau","occult.work"
"95","material.world","symbolic.representation","dawn.initiate","elemental.spirit","convenient.size","ten.sephiroth","X6..sign","great.man","akashic.force","great.angel","occult.work","flashing.colour","flashing.colour","akashic.force","great.man","vital.force","vital.force","own.aura","ray.of.light","narrow.path","vital.force"
"96","own.environment","tree.of.life","complex.symbol","fire.of.earth","scale.of.colour","symbolic.representation","spirit.vision","one.form","astral.force","cross.of.suffering","vital.force","elemental.force","elemental.force","astral.force","one.form","material.form","material.form","path.of.tau","akashic.force","convenient.size","material.form"
"97","source.of.error","path.of.tau","tarot.trump","dawn.initiate","scale.of.the.king","akashic.envelope","left.hand","mistress.of.aleister","occult.work","holy.name","material.form","ray.of.light","ray.of.light","occult.work","mistress.of.aleister","divine.name","divine.name","narrow.path","astral.force","scale.of.colour","angelic.name"
"98","own.aura","narrow.path","planetary.spirit","complex.symbol","scale.of.the.queen","material.world","own.heart","mistress.of.aleister.crowley","vital.force","planetary.force","divine.name","akashic.force","akashic.force","vital.force","mistress.of.aleister.crowley","spiritual.force","spiritual.force","convenient.size","occult.work","scale.of.the.king","magical.implement"
"99","path.of.tau","convenient.size","yi.king","tarot.trump","flashing.colour","own.environment","spiritual.plane","X6..sign","material.form","letter.of.the.hebrew.alphabet","spiritual.force","astral.force","astral.force","material.form","X6..sign","sacred.name","sacred.name","scale.of.colour","vital.force","scale.of.the.queen","astral.influence"
"100","narrow.path","scale.of.colour","aleister.crowley","planetary.spirit","elemental.force","source.of.error","ten.sephiroth","spirit.vision","divine.name","hebrew.alphabet","sacred.name","occult.work","occult.work","divine.name","spirit.vision","angelic.name","angelic.name","scale.of.the.king","material.form","flashing.colour","higher.self"
"101","convenient.size","scale.of.the.king","king.hexagram","yi.king","ray.of.light","own.aura","symbolic.representation","left.hand","spiritual.force","hebrew.letter","angelic.name","vital.force","vital.force","spiritual.force","own.heart","magical.implement","magical.implement","scale.of.the.queen","divine.name","elemental.force","great.angel"
"102","scale.of.colour","scale.of.the.queen","shell.stick","aleister.crowley","akashic.force","path.of.tau","tree.of.life","own.heart","sacred.name","letter.kaph","magical.implement","material.form","material.form","sacred.name","spiritual.plane","astral.influence","astral.influence","flashing.colour","spiritual.force","ray.of.light","cross.of.suffering"
"103","scale.of.the.king","flashing.colour","great.man","king.hexagram","astral.force","narrow.path","akashic.envelope","spiritual.plane","angelic.name","force.of.life","astral.influence","divine.name","spiritual.force","angelic.name","ten.sephiroth","higher.self","higher.self","elemental.force","sacred.name","akashic.force","holy.name"
"104","scale.of.the.queen","elemental.force","one.form","shell.stick","occult.work","convenient.size","material.world","ten.sephiroth","magical.implement","letter.beth","higher.self","spiritual.force","sacred.name","magical.implement","symbolic.representation","great.angel","great.angel","ray.of.light","angelic.name","astral.force","hebrew.letter"
"105","flashing.colour","ray.of.light","mistress.of.aleister","great.man","vital.force","scale.of.colour","own.environment","symbolic.representation","astral.influence","letter.gimel","great.angel","sacred.name","angelic.name","astral.influence","akashic.envelope","cross.of.suffering","cross.of.suffering","akashic.force","magical.implement","occult.work","letter.kaph"
"106","elemental.force","akashic.force","mistress.of.aleister.crowley","one.form","material.form","scale.of.the.king","source.of.error","akashic.envelope","higher.self","letter.daleth","cross.of.suffering","angelic.name","magical.implement","higher.self","material.world","holy.name","holy.name","astral.force","astral.influence","vital.force","force.of.life"
"107","ray.of.light","astral.force","X6..sign","mistress.of.aleister","divine.name","scale.of.the.queen","own.aura","material.world","great.angel","letter.peh","holy.name","astral.influence","astral.influence","great.angel","own.environment","planetary.force","planetary.force","occult.work","higher.self","material.form","letter.beth"
"108","akashic.force","occult.work","spirit.vision","mistress.of.aleister.crowley","spiritual.force","flashing.colour","path.of.tau","own.environment","cross.of.suffering","letter.resh","planetary.force","higher.self","higher.self","cross.of.suffering","source.of.error","letter.of.the.hebrew.alphabet","letter.of.the.hebrew.alphabet","vital.force","great.angel","divine.name","letter.gimel"
"109","astral.force","vital.force","left.hand","X6..sign","sacred.name","elemental.force","narrow.path","source.of.error","holy.name","resh.for.the.sun","letter.of.the.hebrew.alphabet","great.angel","great.angel","holy.name","own.aura","hebrew.alphabet","hebrew.alphabet","divine.name","cross.of.suffering","sacred.name","letter.daleth"
"110","occult.work","material.form","own.heart","spirit.vision","angelic.name","ray.of.light","convenient.size","own.aura","planetary.force","good.man","hebrew.alphabet","cross.of.suffering","cross.of.suffering","planetary.force","path.of.tau","hebrew.letter","hebrew.letter","spiritual.force","holy.name","angelic.name","letter.peh"
"111","vital.force","spiritual.force","spiritual.plane","left.hand","magical.implement","akashic.force","scale.of.colour","path.of.tau","letter.of.the.hebrew.alphabet","same.process","hebrew.letter","holy.name","holy.name","letter.of.the.hebrew.alphabet","narrow.path","letter.kaph","letter.kaph","sacred.name","planetary.force","magical.implement","letter.resh"
"112","material.form","sacred.name","ten.sephiroth","own.heart","astral.influence","astral.force","scale.of.the.king","narrow.path","hebrew.alphabet","christian.rosycross","letter.kaph","planetary.force","planetary.force","hebrew.alphabet","convenient.size","force.of.life","force.of.life","angelic.name","letter.of.the.hebrew.alphabet","astral.influence","resh.for.the.sun"
"113","divine.name","angelic.name","symbolic.representation","spiritual.plane","great.angel","occult.work","scale.of.the.queen","convenient.size","hebrew.letter","tattva.card","force.of.life","letter.of.the.hebrew.alphabet","letter.of.the.hebrew.alphabet","hebrew.letter","scale.of.colour","letter.beth","letter.beth","magical.implement","hebrew.alphabet","higher.self","good.man"
"114","spiritual.force","planetary.force","tree.of.life","ten.sephiroth","cross.of.suffering","vital.force","akashic.force","scale.of.colour","letter.kaph","five.time","letter.beth","hebrew.alphabet","hebrew.alphabet","letter.kaph","scale.of.the.king","letter.gimel","letter.gimel","astral.influence","letter.kaph","great.angel","same.process"
"115","sacred.name","letter.of.the.hebrew.alphabet","akashic.envelope","tree.of.life","holy.name","material.form","astral.force","scale.of.the.king","force.of.life","fiery.nature","letter.gimel","hebrew.letter","hebrew.letter","force.of.life","scale.of.the.queen","letter.daleth","letter.daleth","higher.self","force.of.life","cross.of.suffering","christian.rosycross"
"116","angelic.name","hebrew.alphabet","material.world","akashic.envelope","planetary.force","divine.name","occult.work","scale.of.the.queen","letter.beth","reflection.in.miniature","letter.daleth","letter.kaph","letter.kaph","letter.beth","flashing.colour","letter.peh","letter.peh","great.angel","letter.beth","holy.name","tattva.card"
"117","magical.implement","hebrew.letter","own.environment","material.world","letter.of.the.hebrew.alphabet","spiritual.force","vital.force","flashing.colour","letter.gimel","tiny.image","letter.peh","force.of.life","force.of.life","letter.gimel","elemental.force","letter.resh","letter.resh","cross.of.suffering","letter.gimel","planetary.force","five.time"
"118","astral.influence","letter.kaph","source.of.error","own.environment","hebrew.alphabet","sacred.name","material.form","elemental.force","letter.daleth","image.of.tree","letter.resh","letter.beth","letter.beth","letter.daleth","ray.of.light","resh.for.the.sun","resh.for.the.sun","holy.name","letter.daleth","letter.of.the.hebrew.alphabet","fiery.nature"
"119","higher.self","force.of.life","own.aura","source.of.error","hebrew.letter","angelic.name","divine.name","ray.of.light","letter.peh","sphere.of.sensation","resh.for.the.sun","letter.gimel","letter.gimel","letter.peh","akashic.force","good.man","good.man","planetary.force","same.process","hebrew.alphabet","second.order"
"120","great.angel","letter.beth","path.of.tau","own.aura","letter.kaph","magical.implement","spiritual.force","material.form","letter.resh","own.sphere","good.man","letter.daleth","letter.daleth","letter.resh","astral.force","same.process","same.process","letter.of.the.hebrew.alphabet","christian.rosycross","hebrew.letter","reflection.in.miniature"
"121","cross.of.suffering","letter.gimel","convenient.size","path.of.tau","force.of.life","astral.influence","sacred.name","divine.name","resh.for.the.sun","complete.knowledge","same.process","letter.peh","letter.peh","resh.for.the.sun","occult.work","christian.rosycross","christian.rosycross","hebrew.alphabet","tattva.card","letter.kaph","tiny.image"
"122","holy.name","letter.daleth","scale.of.colour","narrow.path","letter.beth","higher.self","angelic.name","spiritual.force","good.man","such.knowledge","christian.rosycross","letter.resh","letter.resh","good.man","vital.force","tattva.card","tattva.card","hebrew.letter","five.time","force.of.life","image.of.tree"
"123","planetary.force","letter.peh","scale.of.the.king","convenient.size","letter.gimel","great.angel","magical.implement","sacred.name","same.process","physical.brain","tattva.card","resh.for.the.sun","resh.for.the.sun","same.process","divine.name","five.time","five.time","letter.kaph","fiery.nature","letter.beth","sphere.of.sensation"
"124","letter.of.the.hebrew.alphabet","letter.resh","scale.of.the.queen","scale.of.colour","letter.daleth","cross.of.suffering","astral.influence","magical.implement","christian.rosycross","image.on.the.sphere","five.time","good.man","good.man","christian.rosycross","spiritual.force","fiery.nature","fiery.nature","force.of.life","second.order","letter.gimel","own.sphere"
"125","hebrew.alphabet","resh.for.the.sun","flashing.colour","scale.of.the.king","letter.peh","holy.name","higher.self","astral.influence","tattva.card","corresponding.region","fiery.nature","same.process","same.process","tattva.card","sacred.name","second.order","second.order","letter.beth","reflection.in.miniature","letter.daleth","complete.knowledge"
"126","letter.peh","good.man","elemental.force","scale.of.the.queen","letter.resh","planetary.force","great.angel","higher.self","five.time","sensitiveness.of.brain","second.order","christian.rosycross","christian.rosycross","five.time","angelic.name","reflection.in.miniature","reflection.in.miniature","letter.gimel","tiny.image","letter.peh","such.knowledge"
"127","letter.resh","tattva.card","ray.of.light","flashing.colour","resh.for.the.sun","letter.of.the.hebrew.alphabet","cross.of.suffering","great.angel","fiery.nature","other.way","reflection.in.miniature","five.time","tattva.card","fiery.nature","magical.implement","tiny.image","tiny.image","letter.daleth","image.of.tree","letter.resh","physical.brain"
"128","resh.for.the.sun","five.time","akashic.force","elemental.force","good.man","hebrew.alphabet","holy.name","cross.of.suffering","second.order","large.number","tiny.image","fiery.nature","five.time","reflection.in.miniature","astral.influence","image.of.tree","image.of.tree","letter.peh","sphere.of.sensation","resh.for.the.sun","image.on.the.sphere"
"129","good.man","second.order","astral.force","akashic.force","same.process","hebrew.letter","planetary.force","holy.name","reflection.in.miniature","certain.portion","image.of.tree","second.order","fiery.nature","tiny.image","higher.self","sphere.of.sensation","sphere.of.sensation","letter.resh","own.sphere","good.man","corresponding.region"
"130","same.process","sphere.of.sensation","occult.work","astral.force","christian.rosycross","letter.kaph","letter.of.the.hebrew.alphabet","planetary.force","tiny.image","portion.of.the.sphere","sphere.of.sensation","reflection.in.miniature","second.order","image.of.tree","great.angel","own.sphere","own.sphere","resh.for.the.sun","complete.knowledge","same.process","sensitiveness.of.brain"
"131","christian.rosycross","own.sphere","vital.force","occult.work","tattva.card","force.of.life","hebrew.alphabet","letter.of.the.hebrew.alphabet","image.of.tree","region.of.the.cosmos","own.sphere","tiny.image","reflection.in.miniature","sphere.of.sensation","cross.of.suffering","complete.knowledge","complete.knowledge","good.man","such.knowledge","christian.rosycross","other.way"
"132","tattva.card","complete.knowledge","material.form","vital.force","five.time","letter.beth","hebrew.letter","hebrew.alphabet","sphere.of.sensation","meaning.of.the.symbol","complete.knowledge","image.of.tree","tiny.image","own.sphere","planetary.force","such.knowledge","such.knowledge","same.process","image.on.the.sphere","tattva.card","large.number"
"133","fiery.nature","such.knowledge","divine.name","material.form","fiery.nature","letter.gimel","letter.kaph","hebrew.letter","own.sphere","immediate.concentration","such.knowledge","sphere.of.sensation","image.of.tree","complete.knowledge","letter.of.the.hebrew.alphabet","physical.brain","physical.brain","christian.rosycross","corresponding.region","five.time","certain.portion"
"134","reflection.in.miniature","physical.brain","spiritual.force","spiritual.force","second.order","letter.daleth","force.of.life","letter.kaph","complete.knowledge","concentration.of.thought","physical.brain","own.sphere","sphere.of.sensation","such.knowledge","hebrew.alphabet","image.on.the.sphere","image.on.the.sphere","tattva.card","sensitiveness.of.brain","fiery.nature","portion.of.the.sphere"
"135","tiny.image","image.on.the.sphere","sacred.name","sacred.name","reflection.in.miniature","letter.peh","letter.beth","letter.beth","such.knowledge","vital.energy","image.on.the.sphere","complete.knowledge","own.sphere","physical.brain","hebrew.letter","corresponding.region","corresponding.region","five.time","other.way","reflection.in.miniature","region.of.the.cosmos"
"136","image.of.tree","corresponding.region","angelic.name","angelic.name","tiny.image","letter.resh","letter.gimel","letter.gimel","physical.brain","nerve.force","corresponding.region","such.knowledge","complete.knowledge","image.on.the.sphere","letter.kaph","sensitiveness.of.brain","sensitiveness.of.brain","fiery.nature","large.number","tiny.image","meaning.of.the.symbol"
"137","sphere.of.sensation","sensitiveness.of.brain","magical.implement","magical.implement","image.of.tree","resh.for.the.sun","letter.daleth","letter.daleth","image.on.the.sphere","actual.physical.blood","sensitiveness.of.brain","image.on.the.sphere","such.knowledge","corresponding.region","force.of.life","other.way","other.way","second.order","certain.portion","image.of.tree","immediate.concentration"
"138","own.sphere","other.way","astral.influence","higher.self","sphere.of.sensation","good.man","letter.peh","letter.peh","corresponding.region","physical.blood","other.way","corresponding.region","physical.brain","sensitiveness.of.brain","letter.beth","large.number","large.number","reflection.in.miniature","portion.of.the.sphere","sphere.of.sensation","concentration.of.thought"
"139","complete.knowledge","large.number","great.angel","great.angel","own.sphere","same.process","letter.resh","letter.resh","sensitiveness.of.brain","centr.of.the.brain","large.number","sensitiveness.of.brain","image.on.the.sphere","other.way","letter.gimel","certain.portion","certain.portion","tiny.image","region.of.the.cosmos","own.sphere","vital.energy"
"140","such.knowledge","certain.portion","cross.of.suffering","cross.of.suffering","complete.knowledge","tattva.card","resh.for.the.sun","resh.for.the.sun","other.way","various.divine","certain.portion","other.way","corresponding.region","large.number","letter.daleth","portion.of.the.sphere","portion.of.the.sphere","image.of.tree","meaning.of.the.symbol","complete.knowledge","nerve.force"
"141","physical.brain","portion.of.the.sphere","holy.name","holy.name","such.knowledge","five.time","good.man","good.man","large.number","spirit.name","portion.of.the.sphere","large.number","other.way","certain.portion","letter.peh","region.of.the.cosmos","region.of.the.cosmos","corresponding.region","immediate.concentration","such.knowledge","actual.physical.blood"
"142","image.on.the.sphere","region.of.the.cosmos","planetary.force","planetary.force","physical.brain","fiery.nature","same.process","same.process","certain.portion","other.brain","region.of.the.cosmos","certain.portion","large.number","portion.of.the.sphere","letter.resh","immediate.concentration","meaning.of.the.symbol","sensitiveness.of.brain","concentration.of.thought","physical.brain","physical.blood"
"143","corresponding.region","meaning.of.the.symbol","letter.of.the.hebrew.alphabet","letter.of.the.hebrew.alphabet","image.on.the.sphere","second.order","christian.rosycross","christian.rosycross","portion.of.the.sphere","brain.cell","meaning.of.the.symbol","portion.of.the.sphere","certain.portion","region.of.the.cosmos","resh.for.the.sun","concentration.of.thought","immediate.concentration","other.way","vital.energy","image.on.the.sphere","centr.of.the.brain"
"144","sensitiveness.of.brain","immediate.concentration","hebrew.alphabet","hebrew.alphabet","corresponding.region","reflection.in.miniature","tattva.card","tattva.card","region.of.the.cosmos","whole.consciousness","immediate.concentration","region.of.the.cosmos","portion.of.the.sphere","meaning.of.the.symbol","good.man","vital.energy","concentration.of.thought","large.number","nerve.force","corresponding.region","various.divine"
"145","other.way","concentration.of.thought","hebrew.letter","hebrew.letter","sensitiveness.of.brain","tiny.image","five.time","five.time","meaning.of.the.symbol","own.imagination","concentration.of.thought","own.imagination","region.of.the.cosmos","immediate.concentration","same.process","nerve.force","vital.energy","certain.portion","actual.physical.blood","sensitiveness.of.brain","spirit.name"
"146","large.number","vital.energy","letter.kaph","letter.kaph","other.way","image.of.tree","fiery.nature","fiery.nature","immediate.concentration","other.man","vital.energy","other.man","meaning.of.the.symbol","concentration.of.thought","christian.rosycross","actual.physical.blood","nerve.force","portion.of.the.sphere","physical.blood","other.way","other.brain"
"147","certain.portion","nerve.force","force.of.life","force.of.life","large.number","sphere.of.sensation","second.order","second.order","concentration.of.thought","new.country","nerve.force","new.country","immediate.concentration","vital.energy","tattva.card","physical.blood","actual.physical.blood","region.of.the.cosmos","centr.of.the.brain","large.number","brain.cell"
"148","portion.of.the.sphere","actual.physical.blood","letter.beth","letter.beth","certain.portion","own.sphere","reflection.in.miniature","reflection.in.miniature","vital.energy","inviolable.natural.law","actual.physical.blood","inviolable.natural.law","concentration.of.thought","nerve.force","five.time","centr.of.the.brain","physical.blood","meaning.of.the.symbol","various.divine","certain.portion","whole.consciousness"
"149","region.of.the.cosmos","physical.blood","letter.gimel","letter.gimel","portion.of.the.sphere","complete.knowledge","tiny.image","tiny.image","nerve.force","natural.law","physical.blood","natural.law","vital.energy","actual.physical.blood","fiery.nature","various.divine","centr.of.the.brain","immediate.concentration","spirit.name","portion.of.the.sphere","own.imagination"
"150","meaning.of.the.symbol","centr.of.the.brain","letter.daleth","letter.daleth","region.of.the.cosmos","such.knowledge","image.of.tree","image.of.tree","actual.physical.blood","physical.world","centr.of.the.brain","physical.world","nerve.force","physical.blood","second.order","spirit.name","various.divine","concentration.of.thought","other.brain","region.of.the.cosmos","other.man"
"151","immediate.concentration","various.divine","letter.peh","letter.peh","meaning.of.the.symbol","physical.brain","sphere.of.sensation","sphere.of.sensation","physical.blood","same.result","various.divine","same.result","actual.physical.blood","centr.of.the.brain","reflection.in.miniature","other.brain","spirit.name","vital.energy","brain.cell","meaning.of.the.symbol","new.country"
"152","concentration.of.thought","spirit.name","letter.resh","letter.resh","immediate.concentration","image.on.the.sphere","own.sphere","own.sphere","centr.of.the.brain","range.of.phenomena","spirit.name","range.of.phenomena","physical.blood","various.divine","tiny.image","brain.cell","other.brain","nerve.force","whole.consciousness","immediate.concentration","inviolable.natural.law"
"153","vital.energy","other.brain","resh.for.the.sun","resh.for.the.sun","concentration.of.thought","corresponding.region","complete.knowledge","complete.knowledge","various.divine","astral.plane","other.brain","astral.plane","centr.of.the.brain","spirit.name","image.of.tree","whole.consciousness","brain.cell","actual.physical.blood","own.imagination","concentration.of.thought","natural.law"
"154","nerve.force","brain.cell","good.man","good.man","vital.energy","sensitiveness.of.brain","such.knowledge","such.knowledge","spirit.name","abstract.idea","brain.cell","abstract.idea","various.divine","other.brain","sphere.of.sensation","own.imagination","whole.consciousness","physical.blood","other.man","vital.energy","physical.world"
"155","actual.physical.blood","whole.consciousness","same.process","same.process","nerve.force","other.way","physical.brain","physical.brain","other.brain","water.in.the.abstract","whole.consciousness","water.in.the.abstract","spirit.name","brain.cell","own.sphere","other.man","new.country","centr.of.the.brain","new.country","nerve.force","same.result"
"156","physical.blood","own.imagination","christian.rosycross","christian.rosycross","actual.physical.blood","large.number","image.on.the.sphere","image.on.the.sphere","brain.cell","pose.of.mind","own.imagination","pose.of.mind","other.brain","whole.consciousness","complete.knowledge","new.country","astral.plane","various.divine","inviolable.natural.law","actual.physical.blood","range.of.phenomena"
"157","centr.of.the.brain","other.man","tattva.card","tattva.card","physical.blood","certain.portion","corresponding.region","corresponding.region","whole.consciousness","pose.of.mind.cognate","other.man","pose.of.mind.cognate","brain.cell","own.imagination","such.knowledge","inviolable.natural.law","abstract.idea","spirit.name","natural.law","physical.blood","astral.plane"
"158","various.divine","new.country","five.time","five.time","centr.of.the.brain","portion.of.the.sphere","sensitiveness.of.brain","sensitiveness.of.brain","own.imagination","mind.cognate","new.country","mind.cognate","whole.consciousness","other.man","physical.brain","natural.law","water.in.the.abstract","other.brain","physical.world","centr.of.the.brain","abstract.idea"
"159","spirit.name","inviolable.natural.law","fiery.nature","fiery.nature","various.divine","region.of.the.cosmos","other.way","other.way","other.man","particular.element","inviolable.natural.law","particular.element","own.imagination","new.country","image.on.the.sphere","physical.world","pose.of.mind","brain.cell","same.result","various.divine","water.in.the.abstract"
"160","other.brain","natural.law","second.order","second.order","spirit.name","meaning.of.the.symbol","large.number","large.number","new.country","feeling.of.the.physical.effect","natural.law","feeling.of.the.physical.effect","other.man","inviolable.natural.law","corresponding.region","same.result","pose.of.mind.cognate","whole.consciousness","range.of.phenomena","spirit.name","pose.of.mind"
"161","brain.cell","physical.world","reflection.in.miniature","reflection.in.miniature","other.brain","immediate.concentration","certain.portion","certain.portion","inviolable.natural.law","physical.effect","physical.world","physical.effect","new.country","natural.law","sensitiveness.of.brain","range.of.phenomena","mind.cognate","own.imagination","astral.plane","other.brain","pose.of.mind.cognate"
"162","whole.consciousness","same.result","tiny.image","tiny.image","brain.cell","concentration.of.thought","portion.of.the.sphere","portion.of.the.sphere","natural.law","grey.mist","same.result","grey.mist","inviolable.natural.law","physical.world","other.way","astral.plane","particular.element","other.man","abstract.idea","brain.cell","mind.cognate"
"163","own.imagination","range.of.phenomena","image.of.tree","image.of.tree","whole.consciousness","vital.energy","region.of.the.cosmos","region.of.the.cosmos","physical.world","form.of.the.symbol","range.of.phenomena","form.of.the.symbol","natural.law","same.result","large.number","power.of.perception","feeling.of.the.physical.effect","new.country","water.in.the.abstract","whole.consciousness","particular.element"
"164","other.man","abstract.idea","own.sphere","sphere.of.sensation","own.imagination","nerve.force","meaning.of.the.symbol","meaning.of.the.symbol","same.result","hypersensitive.brain","astral.plane","hypersensitive.brain","physical.world","range.of.phenomena","certain.portion","extension.of.the.power","physical.effect","inviolable.natural.law","pose.of.mind","own.imagination","feeling.of.the.physical.effect"
"165","inviolable.natural.law","water.in.the.abstract","complete.knowledge","own.sphere","other.man","actual.physical.blood","immediate.concentration","immediate.concentration","range.of.phenomena","brain.centre","abstract.idea","brain.centre","same.result","astral.plane","portion.of.the.sphere","picture.on.the.sphere","grey.mist","natural.law","pose.of.mind.cognate","other.man","physical.effect"
"166","natural.law","pose.of.mind","such.knowledge","complete.knowledge","new.country","physical.blood","concentration.of.thought","concentration.of.thought","astral.plane","new.world","water.in.the.abstract","new.world","range.of.phenomena","abstract.idea","region.of.the.cosmos","material.universe","form.of.the.symbol","physical.world","mind.cognate","new.country","grey.mist"
"167","physical.world","pose.of.mind.cognate","image.on.the.sphere","such.knowledge","inviolable.natural.law","centr.of.the.brain","vital.energy","vital.energy","abstract.idea","power.of.perception","pose.of.mind","power.of.perception","astral.plane","water.in.the.abstract","meaning.of.the.symbol","material.body","hypersensitive.brain","same.result","particular.element","inviolable.natural.law","form.of.the.symbol"
"168","same.result","mind.cognate","sensitiveness.of.brain","physical.brain","natural.law","various.divine","nerve.force","nerve.force","water.in.the.abstract","extension.of.the.power","pose.of.mind.cognate","extension.of.the.power","abstract.idea","pose.of.mind","immediate.concentration","body.of.the.percipient","brain.centre","range.of.phenomena","feeling.of.the.physical.effect","natural.law","hypersensitive.brain"
"169","range.of.phenomena","particular.element","meaning.of.the.symbol","image.on.the.sphere","physical.world","spirit.name","actual.physical.blood","actual.physical.blood","pose.of.mind","picture.on.the.sphere","mind.cognate","picture.on.the.sphere","water.in.the.abstract","pose.of.mind.cognate","concentration.of.thought","physical.body","power.of.perception","astral.plane","physical.effect","physical.world","brain.centre"
"170","abstract.idea","feeling.of.the.physical.effect","immediate.concentration","corresponding.region","same.result","other.brain","physical.blood","physical.blood","pose.of.mind.cognate","material.universe","particular.element","material.universe","pose.of.mind","mind.cognate","vital.energy","perception.of.the.astral.plane","extension.of.the.power","abstract.idea","grey.mist","same.result","new.world"
"171","water.in.the.abstract","physical.effect","concentration.of.thought","sensitiveness.of.brain","range.of.phenomena","brain.cell","centr.of.the.brain","centr.of.the.brain","mind.cognate","material.body","feeling.of.the.physical.effect","material.body","pose.of.mind.cognate","particular.element","nerve.force","defect.in.the.sensorium","picture.on.the.sphere","water.in.the.abstract","form.of.the.symbol","range.of.phenomena","power.of.perception"
"172","pose.of.mind","grey.mist","vital.energy","other.way","astral.plane","whole.consciousness","various.divine","various.divine","particular.element","body.of.the.percipient","physical.effect","body.of.the.percipient","mind.cognate","feeling.of.the.physical.effect","actual.physical.blood","faulty.glass","material.universe","pose.of.mind","hypersensitive.brain","astral.plane","extension.of.the.power"
"173","pose.of.mind.cognate","form.of.the.symbol","nerve.force","large.number","abstract.idea","own.imagination","spirit.name","spirit.name","feeling.of.the.physical.effect","physical.body","grey.mist","physical.body","particular.element","physical.effect","physical.blood","personal.element","material.body","pose.of.mind.cognate","brain.centre","abstract.idea","picture.on.the.sphere"
"174","mind.cognate","hypersensitive.brain","actual.physical.blood","certain.portion","water.in.the.abstract","other.man","other.brain","other.brain","physical.effect","perception.of.the.astral.plane","form.of.the.symbol","brilliant.white.light","feeling.of.the.physical.effect","grey.mist","centr.of.the.brain","particular.direction","body.of.the.percipient","mind.cognate","new.world","water.in.the.abstract","material.universe"
"175","particular.element","brain.centre","physical.blood","portion.of.the.sphere","pose.of.mind","new.country","brain.cell","brain.cell","grey.mist","defect.in.the.sensorium","hypersensitive.brain","white.light","physical.effect","form.of.the.symbol","various.divine","direction.by.symbol","physical.body","particular.element","power.of.perception","pose.of.mind","material.body"
"176","feeling.of.the.physical.effect","new.world","centr.of.the.brain","region.of.the.cosmos","pose.of.mind.cognate","inviolable.natural.law","whole.consciousness","whole.consciousness","form.of.the.symbol","faulty.glass","brain.centre","front.of.any.image","grey.mist","hypersensitive.brain","spirit.name","various.quality","perception.of.the.astral.plane","feeling.of.the.physical.effect","extension.of.the.power","pose.of.mind.cognate","body.of.the.percipient"
"177","physical.effect","power.of.perception","various.divine","meaning.of.the.symbol","mind.cognate","natural.law","own.imagination","own.imagination","hypersensitive.brain","personal.element","new.world","letter.tau","form.of.the.symbol","brain.centre","other.brain","quality.in.each.man","defect.in.the.sensorium","physical.effect","picture.on.the.sphere","mind.cognate","physical.body"
"178","grey.mist","extension.of.the.power","spirit.name","immediate.concentration","particular.element","physical.world","other.man","other.man","brain.centre","particular.direction","power.of.perception","path.of.saturn","hypersensitive.brain","new.world","brain.cell","planetary.symbol","faulty.glass","grey.mist","material.universe","particular.element","perception.of.the.astral.plane"
"179","form.of.the.symbol","picture.on.the.sphere","other.brain","concentration.of.thought","feeling.of.the.physical.effect","same.result","new.country","new.country","new.world","direction.by.symbol","extension.of.the.power","night.of.time","brain.centre","power.of.perception","whole.consciousness","brilliant.white.light","personal.element","form.of.the.symbol","material.body","feeling.of.the.physical.effect","defect.in.the.sensorium"
"180","hypersensitive.brain","material.universe","brain.cell","vital.energy","physical.effect","range.of.phenomena","inviolable.natural.law","inviolable.natural.law","power.of.perception","various.quality","picture.on.the.sphere","memory.picture","new.world","extension.of.the.power","own.imagination","white.light","particular.direction","new.world","body.of.the.percipient","physical.effect","faulty.glass"
"181","brain.centre","body.of.the.percipient","whole.consciousness","nerve.force","grey.mist","astral.plane","natural.law","natural.law","extension.of.the.power","quality.in.each.man","material.universe","same.way","extension.of.the.power","picture.on.the.sphere","other.man","front.of.any.image","direction.by.symbol","power.of.perception","physical.body","grey.mist","personal.element"
"182","new.world","physical.body","own.imagination","actual.physical.blood","form.of.the.symbol","abstract.idea","physical.world","physical.world","picture.on.the.sphere","planetary.symbol","material.body","intellectual.vanity","picture.on.the.sphere","material.universe","new.country","letter.tau","various.quality","perception.of.the.astral.plane","perception.of.the.astral.plane","form.of.the.symbol","particular.direction"
"183","power.of.perception","perception.of.the.astral.plane","new.country","physical.blood","hypersensitive.brain","water.in.the.abstract","same.result","same.result","material.universe","brilliant.white.light","body.of.the.percipient","astral.sphere","material.universe","material.body","inviolable.natural.law","path.of.saturn","quality.in.each.man","defect.in.the.sensorium","defect.in.the.sensorium","hypersensitive.brain","direction.by.symbol"
"184","extension.of.the.power","defect.in.the.sensorium","inviolable.natural.law","centr.of.the.brain","brain.centre","pose.of.mind","range.of.phenomena","range.of.phenomena","material.body","white.light","physical.body","first.order","material.body","body.of.the.percipient","natural.law","night.of.time","planetary.symbol","faulty.glass","faulty.glass","brain.centre","various.quality"
"185","picture.on.the.sphere","faulty.glass","natural.law","various.divine","new.world","pose.of.mind.cognate","astral.plane","astral.plane","body.of.the.percipient","front.of.any.image","perception.of.the.astral.plane","other.member","body.of.the.percipient","physical.body","physical.world","memory.picture","brilliant.white.light","personal.element","personal.element","new.world","quality.in.each.man"
"186","material.universe","personal.element","physical.world","spirit.name","power.of.perception","mind.cognate","abstract.idea","abstract.idea","physical.body","letter.tau","defect.in.the.sensorium","member.of.the.second.order","physical.body","perception.of.the.astral.plane","same.result","same.way","white.light","particular.direction","particular.direction","power.of.perception","planetary.symbol"
"187","material.body","particular.direction","same.result","other.brain","extension.of.the.power","particular.element","water.in.the.abstract","water.in.the.abstract","perception.of.the.astral.plane","path.of.saturn","faulty.glass","outer.order","perception.of.the.astral.plane","defect.in.the.sensorium","range.of.phenomena","intellectual.vanity","front.of.any.image","direction.by.symbol","direction.by.symbol","extension.of.the.power","brilliant.white.light"
"188","body.of.the.percipient","direction.by.symbol","range.of.phenomena","brain.cell","picture.on.the.sphere","feeling.of.the.physical.effect","pose.of.mind","pose.of.mind","defect.in.the.sensorium","night.of.time","personal.element","grade.of.the.first.order","defect.in.the.sensorium","faulty.glass","astral.plane","astral.sphere","letter.tau","various.quality","various.quality","picture.on.the.sphere","white.light"
"189","physical.body","various.quality","abstract.idea","whole.consciousness","material.universe","physical.effect","pose.of.mind.cognate","pose.of.mind.cognate","faulty.glass","memory.picture","particular.direction","aspect.of.the.spirit","faulty.glass","personal.element","abstract.idea","first.order","path.of.saturn","quality.in.each.man","quality.in.each.man","material.universe","front.of.any.image"
"190","perception.of.the.astral.plane","quality.in.each.man","water.in.the.abstract","own.imagination","material.body","grey.mist","mind.cognate","mind.cognate","personal.element","same.way","direction.by.symbol","four.element","personal.element","particular.direction","water.in.the.abstract","other.member","night.of.time","planetary.symbol","planetary.symbol","material.body","letter.tau"
"191","defect.in.the.sensorium","planetary.symbol","pose.of.mind","other.man","body.of.the.percipient","form.of.the.symbol","particular.element","particular.element","particular.direction","intellectual.vanity","various.quality","five.force","particular.direction","direction.by.symbol","pose.of.mind","member.of.the.second.order","memory.picture","brilliant.white.light","astral.sphere","body.of.the.percipient","path.of.saturn"
"192","faulty.glass","brilliant.white.light","pose.of.mind.cognate","new.country","physical.body","hypersensitive.brain","feeling.of.the.physical.effect","feeling.of.the.physical.effect","direction.by.symbol","astral.sphere","quality.in.each.man","passive.condition","direction.by.symbol","various.quality","pose.of.mind.cognate","outer.order","same.way","white.light","first.order","physical.body","night.of.time"
"193","personal.element","white.light","mind.cognate","inviolable.natural.law","perception.of.the.astral.plane","brain.centre","grey.mist","physical.effect","various.quality","first.order","planetary.symbol","regardie.on.page","various.quality","quality.in.each.man","mind.cognate","grade.of.the.first.order","intellectual.vanity","front.of.any.image","other.member","perception.of.the.astral.plane","memory.picture"
"194","particular.direction","front.of.any.image","particular.element","natural.law","defect.in.the.sensorium","new.world","form.of.the.symbol","grey.mist","quality.in.each.man","outer.order","brilliant.white.light","fourth.volume","quality.in.each.man","planetary.symbol","particular.element","aspect.of.the.spirit","astral.sphere","letter.tau","member.of.the.second.order","defect.in.the.sensorium","same.way"
"195","direction.by.symbol","letter.tau","feeling.of.the.physical.effect","physical.world","faulty.glass","power.of.perception","hypersensitive.brain","form.of.the.symbol","planetary.symbol","grade.of.the.first.order","white.light","water.of.earth","planetary.symbol","brilliant.white.light","feeling.of.the.physical.effect","four.element","first.order","path.of.saturn","outer.order","faulty.glass","intellectual.vanity"
"196","various.quality","path.of.saturn","physical.effect","same.result","personal.element","extension.of.the.power","brain.centre","hypersensitive.brain","brilliant.white.light","aspect.of.the.spirit","front.of.any.image","zelator.adeptus.minor","brilliant.white.light","white.light","physical.effect","five.force","other.member","night.of.time","grade.of.the.first.order","personal.element","astral.sphere"
"197","quality.in.each.man","night.of.time","grey.mist","range.of.phenomena","particular.direction","picture.on.the.sphere","new.world","brain.centre","white.light","four.element","letter.tau","drop.of.water","white.light","front.of.any.image","grey.mist","passive.condition","member.of.the.second.order","memory.picture","aspect.of.the.spirit","particular.direction","first.order"
"198","planetary.symbol","memory.picture","form.of.the.symbol","abstract.idea","direction.by.symbol","material.universe","power.of.perception","new.world","front.of.any.image","five.force","path.of.saturn","seven.vision","front.of.any.image","letter.tau","form.of.the.symbol","regardie.on.page","outer.order","same.way","four.element","direction.by.symbol","other.member"
"199","brilliant.white.light","intellectual.vanity","hypersensitive.brain","water.in.the.abstract","various.quality","material.body","extension.of.the.power","power.of.perception","letter.tau","passive.condition","night.of.time","rainbow.colour","letter.tau","path.of.saturn","hypersensitive.brain","fourth.volume","grade.of.the.first.order","intellectual.vanity","five.force","various.quality","member.of.the.second.order"
"200","white.light","astral.sphere","brain.centre","pose.of.mind","quality.in.each.man","body.of.the.percipient","picture.on.the.sphere","extension.of.the.power","path.of.saturn","regardie.on.page","memory.picture","long.time","path.of.saturn","night.of.time","brain.centre","water.of.earth","aspect.of.the.spirit","first.order","passive.condition","quality.in.each.man","outer.order"
