"","1_the_astral","2_astral_light","3_kabbalistic_tarot","4_magnetic_sleep","5_seance","6_progression","Other_1","Other_2","Other_3","Other_4","Other_5","Other_6","Other_7","Other_8","Other_9","Other_10","Other_11","Other_12","Other_13","Other_14","Other_15","Other_16"
"1","be","be","be","be","be","be","be","be","have","be","be","be","be","be","be","be","be","be","be","be","be","be"
"2","seven","light","book","state","have","form","earth","have","magnetism","have","water","have","have","day","nation","prayer","must","have","science","have","have","very"
"3","one","matter","have","have","will","have","have","year","fact","say","gold","magic","science","section","have","st","black","shall","reason","do","would","have"
"4","plane","force","number","magnetic","do","nature","form","modern","animal","see","fire","great","one","X7","inhabitant","say","thee","love","faith","see","man","adele"
"5","have","one","word","when","spirit","exist","animal","work","many","when","stone","church","do","worship","other","master","earth","torture","religion","say","mind","hair"
"6","god","life","two","person","can","mind","exist","theory","report","one","great","god","even","temple","earth","church","white","woman","truth","can","many","long"
"7","first","body","four","body","one","law","period","ancient","most","come","serpent","devil","now","christian","tribe","paul","water","seek","one","will","should","suffer"
"8","call","soul","represent","effect","when","will","species","time","so","day","mercury","secret","more","sign","portion","god","fire","daughter","philosophy","one","world","year"
"9","spirit","have","first","sleep","more","principle","become","give","science","time","earth","priest","doctrine","also","language","so","should","condemn","absolute","earth","interest","man"
"10","man","physical","symbol","patient","life","man","more","now","member","mr","tree","name","other","priest","one","christ","sun","crime","have","tell","truth","rather"
"11","divine","man","form","more","only","thus","formation","science","publish","do","sea","so","society","world","asia","great","then","judge","universal","know","then","wear"
"12","become","element","letter","produce","would","cause","element","even","medical","then","lully","st","can","record","period","soul","colour","passion","know","adele","will","must"
"13","gods","can","figure","other","may","great","water","show","evidence","go","silver","magical","so","zodiac","become","genius","head","arm","man","answer","thus","eye"
"14","say","only","tarot","very","man","one","present","hindû","man","could","lead","day","only","name","now","teaching","red","take","must","m","concern","large"
"15","show","say","one","case","other","thing","substance","say","de","night","metals","become","most","initiate","city","roman","hand","turn","say","question","so","small"
"16","three","call","name","magnetism","god","perfect","now","moon","academy","hear","salt","such","truth","sun","time","adept","moon","cry","thing","heaven","present","see"
"17","name","sun","great","may","must","other","very","age","paris","tell","alchemist","most","very","year","water","grade","name","accuse","believe","v","social","die"
"18","son","astral","work","same","so","more","other","find","m","again","where","come","man","king","history","divine","sign","mother","equilibrium","so","thing","chest"
"19","esoteric","form","key","so","human","produce","change","as","mesmer","appear","sulphur","old","teaching","twelve","eastern","faith","angel","grandier","only","very","other","ask"
"20","brahmâ","when","three","phenomena","make","sphere","class","more","public","room","white","christian","modern","sacrifice","also","father","day","die","word","clairvoyante","divine","dark"
"21","world","earth","sign","cure","world","whole","new","volume","scientific","take","blood","king","call","prophecy","primitive","catholic","sword","unfortunate","principle","ask","nation","nose"
"22","deity","atom","same","most","see","first","portion","observation","professor","year","mountain","faith","believe","vespasian","continent","pray","side","beauty","philosophical","make","jesus","gray"
"23","so","principle","also","somnambulism","good","motion","atmosphere","day","dr","so","land","master","philosophy","v.","thus","lord","heaven","guilty","true","give","labor","gentleman"
"24","creation","science","find","eye","say","so","order","first","france","bed","mose","science","such","secret","know","member","light","justice","so","place","write","forehead"
"25","mean","space","give","also","know","spiritual","condition","great","discovery","house","raymund","death","work","ancient","century","speech","right","fire","supreme","would","believe","color"
"26","nature","other","science","hand","own","human","day","period","authority","sleep","rock","religion","may","mystic","speak","initiate","blue","monster","analogy","man","society","well"
"27","round","fire","card","disease","time","existence","plant","system","commissioner","two","wind","power","theosophist","nation","then","neschamah","air","two","dogma","person","also","woman"
"28","form","nature","secret","influence","even","world","previous","make","learn","look","fish","mystery","true","son","dwelt","teach","evocation","king","doctrine","desire","expression","son"
"29","only","become","kabbalah","then","soul","development","lower","one","numerous","find","hermetic","black","say","sabbath","form","keely","spirit","end","secret","X1","history","black"
"30","aspect","substance","hebrew","place","such","become","also","write","physician","same","bird","work","esoteric","templar","exist","jew","rise","witch","nature","how","may","fine"
"31","also","universe","other","could","give","body","higher","epoch","principle","place","light","sorcerer","theosophical","holy","family","part","magical","sorcerer","mystery","appear","very","age"
"32","evolution","state","ancient","should","should","may","many","would","des","make","copper","blood","as","tribe","island","learn","blood","current","revelation","think","new","good"
"33","logo","same","point","time","being","power","time","fact","hospital","child","plant","fall","occult","mother","account","st.","symbol","hath","therefore","wish","principle","true"
"34","universe","so","will","appear","nature","only","whole","very","dupotet","never","metal","de","scientific","superstition","great","ruach","face","marshal","belief","could","one","heart"
"35","earth","consciousness","circle","operation","same","system","so","new","author","three","vessel","give","few","mention","race","call","flower","bewitch","great","name","well","pretty"
"36","time","two","use","one","not","effect","surface","so","favour","hour","adept","woman","make","order","tradition","plato","ray","public","world","time","prophecy","lady"
"37","great","universal","mystery","much","death","can","type","present","receive","very","burn","child","far","thee","many","aristotle","seven","prison","ever","such","speak","leg"
"38","philosophy","spiritual","kabbalistic","many","most","particle","various","knowledge","might","man","fruit","man","theory","part","original","ceremony","lord","beautiful","power","thought","book","face"
"39","mother","motion","say","certain","thing","life","strata","teaching","attention","return","desert","dream","religion","jupiter","land","gods","place","noble","now","not","most","mouth"
"40","latter","being","seven","nervous","people","would","vegetable","author","testimony","ask","air","holy","many","stanza","southern","thee","crown","cagliostro","intelligence","then","nature","blood"
"41","ever","ether","thus","sense","never","develop","occur","writer","convince","hand","fix","carry","know","gods","north","group","star","smile","alone","should","moral","much"
"42","cycle","material","magical","two","power","therefore","such","such","young","woman","branch","ever","fact","church","early","cell","eye","victim","religious","as","more","neck"
"43","principle","mind","star","somnambulist","how","order","era","may","new","now","alchemy","light","theosophy","saint","so","meditation","yellow","bring","new","more","such","cheek"
"44","even","sense","divine","follow","take","must","produce","sun","england","where","elixir","temple","system","iv.","people","plotinus","perfume","fear","humanity","perceive","race","round"
"45","thus","power","sacred","often","law","truth","first","event","journal","follow","bear","true","question","period","thousand","thus","use","abyss","seek","present","origin","head"
"46","race","will","follow","do","body","then","composition","know","investigation","sister","majesty","hence","find","jewish","east","touch","stone","dead","necessity","apparition","teaching","look"
"47","as","then","magic","experiment","many","present","creation","egyptian","attest","open","powder","hand","give","ii","america","angel","saturn","flame","reveal","speak","earth","happy"
"48","symbol","as","now","organ","could","external","nearly","seem","detail","door","process","magician","well","week","discover","epistle","ring","tribunal","reality","believe","various","size"
"49","egg","water","man","take","believe","establish","result","esoteric","eminent","stand","ship","make","much","arcana","come","o.","cross","court","infinite","god","general","blue"
"50","mystery","ray","place","magnetise","reason","matter","particle","most","cite","fall","grain","father","teach","concern","africa","philosopher","night","child","basis","little","do","complexion"
"51","human","know","contain","first","understand","material","same","follow","french","seem","spring","saint","ever","ix","two","holy","hold","wife","superstition","there","mankind","part"
"52","idea","first","cross","observe","cause","degree","two","old","london","leave","philosopher","let","show","vi.","remain","love","pass","forth","plato","same","evil","tall"
"53","term","may","world","magnetiser","also","general","land","century","doctrine","speak","sand","catholic","belief","divine","sound","companion","golden","break.","philosopher","put","receive","white"
"54","cosmic","would","egyptian","m","therefore","animal","carbon","far","entitle","last","lightning","initiation","christian","society","entirely","lady","gold","hell","sciences","age","establish","side"
"55","bear","ego","unity","fit","however","such","geologist","remark","examination","person","metallic","terrible","buddhism","emperor","manner","treatise","wing","prometheus","contrary","much","make","form"
"56","seventh","world","initiation","touch","then","also","rock","history","expect","morning","root","priesthood","prove","missionary","mythology","writing","virtue","gille","occult","doubt","thought","air"
"57","wisdom","terrestrial","express","as","idea","interior","development","mr","open","other","philosophical","reign","occultism","patriarch","suppose","mary","fly","romance","will","read","day","open"
"58","father","thus","initiate","feel","love","same","general","professor","commission","call","city","adept","will","fish","persian","kether","cat","angel","liberty","material","exist","countenance"
"59","fourth","fluid","head","dream","individual","substance","hundred","zodiac","investigate","would","fill","doctrine","deny","vine","destroy","neophyte","salt","height","veil","no","true","coat"
"60","word","breath","accord","part","work","creation","kingdom","reader","treat","foot","cross","empire","all","jerusalem","greek","android","left","devotion","exact","day","testament","thick"
"61","absolute","heat","signify","physician","always","contain","represent","speculation","contain","answer","lamp","say","simply","invention","forefather","face","rod","infernal","discovery","few","δ","hollow"
"62","purâna","eternal","universal","animal","no","earth","assume","several","sciences","friend","horse","universal","answer","thereof","building","evil","consecrate","nun","such","come","great","short"
"63","ancient","animal","serpent","present","think","universe","different","motion","europe","also","cover","evil","claim","likewise","together","disciple","talisman","witchcraft","never","find","time","lively"
"64","day","see","take","would","evil","condition","one","must","account","there","wood","sacrifice","student","jew","generation","chief","lion","frightful","understand","child","suppose","pain"
"65","when","produce","meaning","minute","come","manifest","previously","astronomy","read","head","stream","genius","then","pagan","very","death","green","refuse","vulgar","other","can","brown"
"66","create","agent","explain","subject","desire","sun","thus","record","appoint","dream","thunder","christianity","not","idol","south","apostle","mercury","grand","authority","brother","person","little"
"67","meaning","vital","make","occur","become","ultimate","know","calculation","address","evening","mighty","destroy","member","X9","region","incantation","object","heaven","problem","longer","account","about"
"68","make","thing","read","fact","find","higher","mountain","two","conviction","pass","transmutation","believe","knowledge","heathen","various","simplicity","operator","poor","far","good","knowledge","ching"
"69","root","divine","second","vision","shall","make","mass","doctrine","letter","father","red","virtue","still","protestant","central","ammonius","altar","confess","school","take","mental","thin"
"70","male","do","idea","see","word","thought","find","accept","conclusive","mother","ash","force","secret","messiah","branch","nephesch","thine","assembly","discover","soul","much","disposition"
"71","spiritual","centre","then","pass","still","planet","much","greek","party","die","flamel","legend","never","X17","subsequent","wrotch","new","burn","being","order","character","back"
"72","vishnu","occult","temple","faculty","person","correspond","compose","few","court","form","king","demon","view","fama","day","affirm","venus","alive","pythagora","reply","writer","turn"
"73","being","air","time","become","as","wisdom","watery","proof","philosopher","young","cloud","order","great","offer","present","magnus","jupiter","hiram","simple","just","bible","lower"
"74","two","star","only","pain","fact","organization","thousand","quote","majesty","long","transform","satan","name","initiation","western","peter","circle","grace","logic","gentleman","circumstance","paris"
"75","same","electricity","order","hour","knowledge","part","entirely","astronomical","saint","feel","strike","religious","writer","build","good","charms","temple","hallucination","hierarchy","well","opinion","fakir"
"76","female","primordial","write","describe","place","action","sea","mystery","profession","arm","street","call","accept","wind","condition","thomas","heart","terror","initiate","still","as","stout"
"77","more","now","king","sensation","earth","state","therefore","occult","germany","girl","tongue","seek","same","openly","china","albertus","hair","charge","ignorance","where","not","four"
"78","christian","even","term","power","existence","perfection","density","antiquity","hebert","first","curiosity","die","enq","association","begin","mandragore","flow","multitude","affirm","two","good","prominent"
"79","hence","existence","here","not","case","quality","term","however","rostan","eye","fountain","own","author","sanctify","where","contemplation","operation","demon","sage","father","peace","pale"
"80","cause","energy","character","experience","often","accord","place","archaic","hundred","afterwards","native","century","study","allege","divide","resurrection","breast","join","speech","communication","evidence","perceive"
"81","now","ever","occult","several","less","love","before","school","argument","about","volatile","head","matter","address","civilization","hast","voice","depict","reasonable","first","give","stature"
"82","realm","invisible","see","however","thought","when","process","origin","document","death","rivers","saviour","difference","eat","previous","sow","bird","voice","realise","thus","early","mild"
"83","universal","entity","triangle","ordinary","action","eternal","mile","scientific","curious","white","pour","seem","occultist","pisce","northern","germinal","work","curse","ancient","spiritual","contain","pantaloon"
"84","four","essence","solomon","manner","why","universal","ascension","page","assertion","seven","boil","tradition","regard","breth","chinese","stamp","leave","tooth","logical","mother","influence","middling"
"85","not","think","absolute","natural","future","conception","coal","thus","practitioner","lay","hide","perish","subject","rabbinical","nearly","thoma","holy","arrest","name","work","record","thirty"
"86","period","self","light","sometimes","use","progress","highest","secret","academie","write","child","chain","how","xi.","european","earnestness","foot","youth","kabbalist","kind","relate","seventy"
"87","third","point","study","perform","child","force","discover","could","english","more","legend","roman","present","mayest","country","aridity","darkness","afflict","demonstrate","obtain","teach","left"
"88","doctrine","reflection","therefore","might","very","result","bed","also","publication","much","brilliant","draw","school","X.germain","egypt","explanation","dog","infamous","swedenborg","exist","judgment","broad"
"89","find","accord","complete","direct","truth","vegetable","fish","see","interesting","visit","flower","christ","explain","sector","ocean","expound","king","loudun","proportion","only","prejudice","stomach"
"90","other","remain","know","only","leave","knowledge","productions","believe","treatise","before","arab","miracle","would","xi","chieftain","mr","sea","pronounce","domain","year","ignorance","disease"
"91","manifested","exist","symbolism","hear","present","element","could","orientalist","lecture","wife","valentine","also","whole","portion","name","silver","glass","eve","sylph","body","affection","flat"
"92","teach","idea","whole","give","new","still","generally","opinion","advocate","brother","basil","certain","buddhist","historian","distinct","piece","flame","queen","physic","respect","universal","illness"
"93","globe","cause","X3","finger","moral","soul","then","brâhman","die","only","extract","set","existence","fraternity","europe","gabriel","burn","erect","unity","beg","feel","taller"
"94","hindû","word","mose","such","lead","highest","lowest","ago","le","sit","prepare","false","too","freemasonry","deluge","adoration","command","martyr","temporal","prove","portion","sixty"
"95","highest","condition","arcanum","brain","true","kingdom","primary","well","c.","suddenly","preparation","emperor","reject","roman","hemisphere","apâna","wear","amidst","scientific","description","discover","five"
"96","later","separate","pantacle","induce","free","now","appearance","lunar","suspicion","noise","wise","fatal","two","catholic","few","josephus","note","agony","conceal","friend","hence","six"
"97","give","spirit","image","make","act","most","render","many","esteem","lady","pyramid","occult","point","jehovah","three","rome","dark","innocent","unknown","again","generation","wide"
"98","creator","solar","square","system","where","internal","still","newton","chlorine","give","queen","eternal","better","diable","build","blow","garment","tremble","initiation","matter","association","slight"
"99","secret","place","god","cause","live","relation","ascend","prove","inquiry","word","palace","sovereign","especially","flesh","preserve","devotion","figure","expose","wise","fact","christ","lip"
"100","eternal","speak","call","can","now","compose","part","solar","imitation","sound","oak","madness","year","solomon","art","plasm","mar","price","disciple","ought","theological","papers"
"101","last","come","egypt","means","subject","being","remain","lecture","magnetisme","name","torch","heaven","way","notwithstanding","place","dionysius","dost","stake","define","contrary","conviction","corpulent"
"102","system","cosmic","principle","object","follow","formation","geological","passage","dieu","dead","ounce","pope","quite","iii.","year","lytton","three","style","solution","object","become","out"
"103","refer","phenomena","X4","know","order","do","oxygen","astronomer","private","walk","veda","magi","right","lady","face","shilling","also","mount","absurdity","may","now","full"
"104","heaven","how","fly","head","certain","essence","vegetation","contain","method","paper","mount","cast","scientist","military","jew","adeptship","roll","crush","realisation","detail","doctrine","spot"
"105","parabrahman","manas","shall","witness","much","harmony","sandstone","statement","pay","should","precious","hell","practical","juda","extend","vocal","michael","virgin","incontestable","thing","lord","heat"
"106","higher","therefore","most","attack","means","necessary","seas","latter","lord","several","dust","sabbath","master","pious","continue","chiah","cup","plunge","modern","dead","sectarian","somewhat"
"107","proceed","absolute","herme","medicine","too","light","face","hypothesis","quote","begin","odin","realise","day","minister","subsequently","m.s.","opposite","mystical","sole","dress","physical","shoulders"
"108","moon","personality","hand","remain","state","sensation","give","place","city","awake","ocean","question","ask","ii.","war","ever","rose","regeneration","exist","truth","primitive","shoe"
"109","old","own","kabbalist","affect","physical","divine","close","correct","learned","still","tail","recognise","base","i.","inhabit","thirty","hast","spouse","shadow","observation","occurrence","cheerful"
"110","fifth","second","primitive","great","great","give","fossil","learn","reality","quite","river","go","real","cazotte","zoroaster","christians","pentagram","exile","transcendental","moment","use","concern"
"111","speak","higher","master","result","long","monad","age","table","repudiate","husband","triple","son","mind","mopse","historical","culture","prayer","lover","stability","magnetizer","righteousness","fair"
"112","abstract","modern","correspond","fall","result","govern","distinct","long","skill","dark","dry","mother","remain","vii","record","cloud","marble","magus","deny","swedenborg","whole","love"
"113","water","regard","doctrine","treatment","learn","original","describe","regard","inquire","not","chemical","invariably","century","x","live","pagan","four","reaction","primitive","abbe","long","strong"
"114","dhyân","lower","bear","sight","form","receive","bird","text","les","h","swallow","bewitchment","write","xiv.","west","attaine","receive","laval","negation","already","system","forty"
"115","chohan","whole","third","remarkable","natural","subject","carboniferous","discover","sodium","enter","food","victim","materialism","rotation","noah","diamond","sky","obscene","gnome","secret","say","sweet"
"116","exoteric","latter","must","health","feel","comprehend","saurian","read","certificate","o.clock","oil","middle","almost","est","construct","morning","bull","rank","hypotheses","experiment","birth","business"
"117","buddha","pass","indicate","well","way","constitute","as","point","personal","old","alchemical","war","lead","xv.","disposition","synthetical","drink","moreover","ag","less","proceed","weak"
"118","element","return","allegory","even","go","various","little","mrespect","considerable","know","molten","cain","admit","theosophist","vocal","machinery","smoke","almost","possible","woman","institution","stern"
"119","darkness","law","arcana","extraordinary","right","positive","solution","portion","mrespect","moment","mistletoe","hatred","hypotheses","count","part","processis","eagle","mountain","truly","angel","proper","grandmother"
"120","however","great","alphabet","will","question","represent","temperature","exist","country","light","ambrosia","rite","however","alexander","accord","handful","toad","deliver","mathematical","revelation","industry","eyebrow"
"121","such","yet","woman","here","possible","associate","lime","âryan","copy","next.","basin","manner","buddha","repudiate","different","potter","ark","hang","foundation","similar","happiness","wrinkle"
"122","represent","not","roll","continue","spirits","know","disposition","student","devote","month","deluge","therein","least","apostle","indian","bloomfield","conjuration","glance","formulate","old","wealth","duteil"
"123","pralaya","visible","part","close","just","use","four","sanskrit","date","family","seed","pass","materialistic","eart","tree","moore","small","accuser","otherwise","here","situation","ruddy"
"124","jehovah","darkness","X1","similar","experience","physical","require","yet","royal","as","butterfly","young","materialist","heroe","temple","zanoni","represent","transcendental","ancients","shall","theology","tongue"
"125","adam","more","tradition","fluid","need","time","three","philosopher","baron","female","daitya","sect","attempt","rome","trace","intensify","pure","punishment","mathematics","lady","superficial","surely"
"126","teaching","occultist","end","use","once","yet","surround","occultist","la","turn","worm","john","hardly","saviour","sea","unbalanced","skin","marriage","salamander","form","same","tooth"
"127","manvantara","active","hieroglyphic","frequently","all","possess","extinct","trace","eminence","think","bush","concern","blind","equator","brahma","yechidah","ceremony","slave","affirmation","error","derive","agreeable"
"128","lunar","conscious","compose","find","matter","conceive","constitute","account","commercial","pray","bottom","disciple","western","cromlech","theology","evermore","incense","hideous","two","acquaint","matthew","beard"
"129","sense","chemical","sphinx","hold","end","beauty","dry","b.c.","integrity","relate","chase","hierarchy","old","honour","large","schamir","tattva","obey","fundamental","comprehend","employ","officer"
"130","origin","pure","knowledge","few","let","second","occurrence","question","vienna","apparition","mithra","gods","entirely","dancing","valley","vril","consecration","overcome","conception","guide","class","rosy"
"131","septenary","make","twenty","condition","divine","visible","deposit","suppose","strasburg","back","ibis","revelation","church","unclean","manuscript","hebrew","instrument","despair","master","somnambulist","useful","auburn"
"132","explain","term","tree","sensible","accord","forth","δ","already","attestation","spirit","reservoir","bishop","public","alexandria","description","abraham","iron","lever","hypothesis","leave","engage","blesson"
"133","therefore","mother","hence","distance","part","ascend","twenty","claim","seabrook","whole","stupefy","greek","own","salutation","confirm","conversion","morning","council","elementary","information","own","grandson"
"134","stand","seven","john","three","lose","principles","most","declare","treatment","small","fruitful","fear","little","borea","cain","foregoing","thy","julian","absence","remain","love","postel"
"135","chain","take","divide","account","create","lower","habit","sir","judge","once","chaplain","darkness","first","wreck","settle","liveth","beheld","prosecution","theology","magnetize","remark","ago"
"136","evolve","way","add","imagination","regard","reality","ag","star","literature","wall","follower","gnostic","statement","publican","impression","movable","bread","cazotte","sovereign","receive","pure","class"
"137","eastern","property","triad","possess","yet","natural","production","late","martin","asleep","nile","gospel","reason","tribunal","parama","noisy","nail","sentence","undine","let","represent","hundred"
"138","all","must","stone","already","seek","not","equilibrium","exact","town","however","mare","prince","latter","vii.","gulf","eagle","juice","president","preserve","happy","clergyman","top"
"139","greek","sound","line","awake","manifestation","composition","granite","base","impartial","well","plain","worship","wisdom","viii.","edifice","elixir","vestment","flight","solve","die","language","front"
"140","infinite","far","adept","act","suffer","could","marsupial","way","demonstrate","voice","coin","blind","argument","sylvester","origin","mistaken","wind","impiety","gold","why","might","beautiful"
"141","mystic","never","should","violent","exist","create","position","no","president","thing","diamonds","image","spiritualist","platina","deity","ancestral","copper","charms","materialistic","possess","prophet","daughter"
"142","connect","brain","septenary","medium","speak","movement","several","earliest","pretend","lie","condescmend","down","religious","xvi","however","divergence","cloud","samuel","certitude","really","feeling","greatly"
"143","essence","objective","show","repeat.","longer","new","heavy","müller","ridicule","away","milk","mysterious","instead","reception","soon","co.worker","rest","ash","void","pleasure","cause","walking"
"144","well","explain","bible","presence","bear","mineral","oolite","earlier","convinced","account","shal","promise","several","justice","find","easter","angels","officer","permanent","quit","prevail","slightly"
"145","identical","illusion","language","hence","first","constitution","combination","era","repute","disappear","corps","pretend","metaphysical","orthodox","last","marquis","grain","pity","synthesis","recognise","justice","coarse"
"146","then","move","become","perfectly","day","particular","immense","historical","visionary","cry","psyche","france","learn","follower","back","crucifixion","pour","expiation","theorem","hear","merely","shoulder"
"147","self","manifest","sun","increase","remain","progression","subsequent","yuga","captain","length","chemistry","people","founder","authentic","sanskrit","roger","samael","caress","virtue","latter","government","sharp"
"148","worship","action","golden","remedy","bring","again","commencement","determine","impugn","table","pressure","truly","difficulty","archive","possession","pamphlet","wine","execute","aspiration","image","belief","leather"
"149","beginning","theory","element","occasion","might","sense","condensation","english","sweden","describe","smoke","goat","explanation","venus","save","bulwer","shape","ordeal","discoveries","write","condition","demarest"
"150","most","planet","holy","now","point","consider","large","study","committee","move","venomous","belong","adept","march","mountain","persecute","pyramid","pay","monument","proof","inhabitant","flaxen"
"151","kosmos","molecule","symbolical","apply","alone","circle","last","scholar","nastatia","figure","poem","thus","fundamental","lily","breath","apostolic","centre","impart","indispensable","true","instruction","riding"
"152","circle","follow","measure","dr","self","see","almost","publish","additional","continue","ahura","enemy","teacher","companion","oriental","iamblichus","top","withstand","essential","admit","superior","luca"
"153","very","direct","combination","wake","call","association","half","later","explanations","happen","rain","dangerous","professor","hesiod","modification","theodidakto","dry","declare","precisely","affection","forth","dejean"
"154","lord","hence","chapter","feeling","happiness","term","enter","max","rank","here","scandinavian","strange","discoveries","mende","journey","worn","thread","abode","adore","accord","elevate","fifty"
"155","here","process","X10","crisis","little","display","pole","date","pronounce","down","steel","jesus","at","matthew","cultivate","dugpa","shal","mary","infallibility","ever","benevolence","devoid"
"156","purely","perception","already","soon","mind","infinite","correspond","evolution","sceptical","water","monarch","apostle","psychic","isle","yucatan","exaltation","thence","gaze","priesthood","all","truthful","wick"
"157","allegory","vehicle","side","proceed","memory","δ","circumstance","key","admit","ill","betraye","prophet","rate","athenian","locate","terme","orange","penetrate","demonstration","cause","express","month"
"158","creative","above","mysterious","almost","reach","celestial","equator","thousand","simplest","immediately","saracen","monstrous","scholar","X16","fertile","cicero","robe","brilliant","impostor","exact","enlighten","bottom"
"159","supreme","germ","allegorical","nerve","rather","proper","stratum","take","discussion","chamber","hawk","criminal","initiate","teraphim","spain","avicenna","prepare","conversion","sum","volume","direct","low"
"160","holy","effect","may","limb","mean","sustain","extensively","eminent","grouping","week","dog","tomb","owe","astarte","modern","insensibly","pronounce","drama","mysticism","three","power","expressive"
"161","former","real","dogma","recover","intelligence","true","coating","translate","summon","circumstance","forests","folly","nevertheless","hathor","whole","ephesian","surround","writh","miraculous","decease","oppose","elevated"
"162","just","sidereal","heaven","different","past","change","especially","profane","club","great","bolt","author","mr","fleet","advanced","rally","sand","prince","scientifically","address","age","throat"
"163","chaos","live","adam","bring","different","observe","five","certain","pastor","ten","colossal","sanctuary","gods","mariner","conception","strengthening","genii","unhappy","learning","necessary","community","shirt"
"164","egyptian","thought","greek","perceive","bad","even","six","nebular","dressing","close","operator","art","come","odyssey","mark","jechidah","vault","fulfil","theologian","seem","prophesy","meditative"
"165","point","new","centre","where","explain","perceive","chemical","calculate","lyon","rest","stormy","horror","nature","thaumaturgist","hieroglyphic","theresa","elemental","enchantment","negative","word","religious","vest"
"166","matter","living","emblem","phenomenon","necessary","faculty","atmospheric","too","voltaire","four","volcano","drive","general","oath","river","magdala","drop","oath","immortality","color","ever","communicative"
"167","sixth","appear","series","action","material","assume","tissue","there","berlin","frequently","sapphire","flesh","why","xviii.","change","magdalen","shine","caesar","rational","now","wisdom","hazel"
"168","number","let","X5","movement","already","appearance","tertiary","dr","mayo","boy","di","triumph","exoteric","vanished","stone","scholasticism","beam","atrocious","infallible","live","create","snuff"
"169","ideal","root","moon","last","thus","as","dense","kali","medecine","inquire","pistol","murder","indeed","tribune","mechanical","aquina","invocation","faust","אהיה","ago","situate","aquiline"
"170","host","line","five","seem","seem","united","red","early","colleague","add","nourished","disorder","dead","xii.","mexico","constitut","midst","raiz","confound","least","demand","palpitation"
"171","lower","change","creation","at","influence","well","season","commentary","editor","bring","embroider","ag","letter","fecundity","flood","sarasvatî","blossom","X.and","immense","distance","application","chin"
"172","group","individuality","when","say","able","own","decomposition","reference","wit","five","fixation","period","could","tacitus","tower","presence","splendour","sciences","keely","beautiful","reward","morsel"
"173","will","evolution","X7","year","degree","structure","gelatinous","crooke","assembly","draw","lascaris","suppose","hear","jeschu","ormuzd","effect","snow","marvel","founder","great","subject","desfontaine"
"174","humanity","all","history","again","rest","evidence","tree","position","invite","window","england","burn","appeal","X_le","spring","news","murmur","compose","ideal","reader","apply","english"
"175","thing","occultism","ritual","kind","ask","properly","latter","teach","elementary","able","bury","vulgar","indion","xii","indion","synonym","knife","circular","dispute","scarcely","purity","easy"
"176","unknown","still","fact","suppose","hand","space","yield","real","empirical","minute","vie","revolution","conclusion","xiii","down","obtaind","depth","emancipate","hierarchic","far","king","russian"
"177","apply","mean","understand","operate","help","many","line","treatise","apartment","accompany","mist","abandon","demonstrate","rite","chaldean","harasse","candle","construct","admirable","assure","jew","altogether"
"178","sacred","view","sword","stomach","hold","constantly","where","past","candidate","companion","swan","oracle","support","sand","descendant","sacrificed","square","injustice","charity","last","profession","trunk"
"179","hierarchy","source","oracle","convulsion","change","corresponding","upper","philosophical","wee","wish","shoot","fool","method","annal","relate","inspirational","horn","chaste","grounde","send","reader","smell"
"180","planetary","eye","origin","day","force","prove","adapt","discovery","jesuit","request","bull","superstition","dogma","reverend","garden","grains","virgin","tomb","collapse","trouble","old","carriage"
"181","cosmogony","immortal","preserve","observation","far","hence","elephant","willibe","veracity","watch","adore","conquer","greatest","metropolis","advance","presid","kingdom","innocence","ammonius","mind","entirely","nail"
"182","elohim","elemental","priest","throw","tell","concern","agitation","figure","profess","six","college","fantastic","moreover","imposture","border","coat","encircle","chastity","sacca","quite","consist","delicate"
"183","serpent","plant","derive","longer","possess","intelligence","crust","authority","severely","send","stick","rome","exist","kiss","pacific","stick","scarlet","blasphemy","charlatan","enough","natural","wooden"
"184","shape","perceive","sense","sound","light","here","marine","instance","potassium","face","lovely","honour","faith","sepher","uncultivated","hereditary","shoulder","expend","luca","convince","vice","slender"
"185","veda","intelligence","way","circumstance","better","inherent","fertile","indion","pamphlet","wear","reptiles","liberty","tell","theologian","age","drespect","raven","tower","metaphysic","part","impression","pot"
"186","primeval","kind","six","entirely","die","attribute","extensive","much","prussia","occasion","isle","civilisation","again","planets","several","positively","violet","weep","side","several","sustain","bald"
"187","metaphysical","very","crown","physical","study","act","limestone","m","respectability","awoke","sinai","country","eastern","tho","evil","eloquence","coloured","miserable","absurd","mention","investigation","frank"
"188","conception","once","apply","exhibit","appear","idea","division","chaldean","december","all","ride","foot","last","illumination","vast","palestine","laurel","elegance","annal","t","morality","maharajah"
"189","christians","reality","later","peculiar","hope","latter","kind","agree","april","point","cynocephalus","sorcery","detail","assessor","vishnu","memorialist","anael","esquiro","movement","renard","call","grandfather"
"190","original","different","synthesis","add","kind","inhabitant","character","religion","bee","period","transmute","poet","ethic","phœnician","traditional","perverted","camphor","excitement","positive","twenty","amount","dearly"
"191","archaic","four","ten","lose","want","property","hour","moment","critique","twelve","stem","idol","disciple","rulers","ultimately","inspired","rainbow","brave","dreamer","state","flow","dupotet"
"192","âtmâ","three","let","asleep","well","mode","gradually","colonel","chardel","set","zinc","practice","try","midst","correspondence","definitions","quipus","unreason","notion","house","compelle","solicit"
"193","angel","bear","pythagora","communicate","there","society","continue","veda","X.martin","piece","leaf","family","generally","firmament","improve","disappears","character","despatch","chemistry","go","when","affable"
"194","understand","ocean","law","speak","ever","understand","intermediate","hundred","collusion","m","wash","doctor","mass","seas","abel","penance","stand","cyprian","shade","influence","follow","courageous"
"195","eternity","generate","revelation","foot","show","process","axis","bible","georget","get","tin","altar","sect","hellene","interior","salutation","silver","english","motor","observe","external","apoplexy"
"196","solar","wheel","X2","report","receive","medium","radiata","constellation","X1784","read","cock","royal","mystery","usur","advancement","corinthian","pillar","immense","conquest","c.","related","cough"
"197","consciousness","work","connect","thus","heart","atmosphere","stratification","kepler","franklin","mention","flint","templar","ought","consort","egg","addressee","fiery","imposture","fool","monsieur","term","roustan"
"198","stanza","simply","division","generally","purpose","outer","long","le","conway","countenance","marsh","crowd","further","christendom","ago","ptolemy","scale","radiant","id","might","writing","underground"
"199","occultist","eternity","author","attention","here","end","consist","oldest","yi","floor","boulevard","ass","bring","incestuous","subterranean","op.","deavor","seal","acquire","pass","land","laid"
"200","still","central","reason","mind","higher","mass","exceedingly","fragment","edmond","side","mole","night","common","seldenus","greece","cit.","mercy","bondage","revealer","enter","theologian","breath"
