"","1_occultism","2_tarot","3_astral_light","4_magnetic_sleep","5_spiritualism","6_progress","Other_1","Other_2","Other_3","Other_4","Other_5","Other_6","Other_7","Other_8","Other_9","Other_10","Other_11","Other_12","Other_13","Other_14","Other_15","Other_16","Other_17","Other_18","Other_19","Other_20","Other_21","Other_22","Other_23","Other_24","Other_25","Other_26","Other_27","Other_28","Other_29","Other_30","Other_31","Other_32","Other_33","Other_34","Other_35","Other_36"
"1","kabbalah","tarot","astral.light","magnetic.sleep","human.being","reincarnation","tradition","vital.principle","human.intelligence","same.thing","human.being","right.hand","elementary.spirit","animal.magnetism","black.magic","same.time","protective.spirit","nervous.system","human.being","animal.magnetism","same.time","hieroglyphic.meaning","seven.day","X4.letter","evil.spirit","clairvoyance","free.will","dark.spirit","first.place","magnetic.action","evil.spirit","state.of.somnambulism","moral.law","two.hour","human.being","idle.word","world.of.cause","human.being","human.being","catherine.théot","year.of.age","magnetic.phenomena"
"2","tradition","kabbalah","great.work","magnetic.state","spiritism","incarnation","jesus.christ","same.time","good.sense","one.day","human.race","sign.of.the.cross","magical.science","clairvoyance","same.time","secret.society","other.spirit","human.being","second.sight","effect.of.animal","dead.person","free.will","white.spirit","name.of.4.letter","sitting","sitting","first.volume","de.raiz","one.day","magnetic.influence","spiritual.eye","magnetic.power","son.of.god","discovery.of.animal","great.deal","organic.being","several.year","human.body","physical.life","point.of.view","sitting","three.hour"
"3","occult.science","card.of.the.tarot","philosophical.stone","animal.magnetism","physical.life","human.being","astral.light","law.of.nature","great.work","vincent.de","natural.law","key.of.solomon","black.magic","medical.man","little.finger","joseph.de","human.being","animal.magnetism","spiritual.world","effect.of.animal.magnetism","old.age","few.page","three.day","X4.colour","material.body","spiritual.world","same.time","last.time","unity.of.god","past.life","same.time","state.of.coma","tradition","discovery.of.animal.magnetism","many.thing","inert.matter","human.form","middle.ag","imperfect.spirit","material.body","one.day","many.person"
"4","black.magic","first.card","universal.agent","somnambulic.state","good.spirit","corporeal.life","son.of.god","whole.world","two.word","de.paul","same.time","first.time","spirit.of.darkness","magnetic.influence","absolute.reason","saint..germain","certain.degree","other.man","external.world","great.number","middle.ag","human.knowledge","three.time","part.of.god","spiritual.world","human.form","world.of.spirit","short.time","first.principle","magnetic.fluid","material.body","nervous.system","great.man","dear.friend","public.opinion","human.soul","three.time","other.hand","first.order","other.world","young.man","magnetic.fluid"
"5","great.arcanum","minor.arcana","same.time","same.time","free.will","spirit.of.charity","free.judge","polar.bear","divine.goodness","spiritual.sun","period.of.time","three.time","first.part","man.of.science","pope.joan","many.person","bad.thought","immortality.of.the.soul","long.time","academie.royale","many.other","other.time","one.night","application.of.animal","few.question","living.being","few.word","many.people","act.of.faith","first.series","good.faith","many.person","divine.law","hebrew.alphabet","work.of.god","soul.after.death","time.aday","moral.sense","abbe.charvoz","one.day","old.man","physical.science"
"6","alchemy","hebrew.letter","plastic.medium","state.of.somnambulism","spirit.world","human.race","nervous.disease","such.thing","human.mind","good.faith","ethnic.group","human.face","eighteenth.century","french.academy","good.sense","eighteenth.century","material.glob","human.mind","material.world","royale.de","first.volume","whole.body","two.o.clock","application.of.animal.magnetism","three.year","same.thing","spiritualist","other.people","object.of.faith","solid.body","sitting","natural.state","such.man","seven.star","world.of.spirit","universal.life","two.person","same.manner","same.order","one.point","five.year","young.man"
"7","astrology","point.of.view","black.magic","magnetic.somnambulism","future.life","new.existence","present.day","magical.calendar","entire.life","true.religion","physical.life","great.name","world.of.spirit","magnetic.phenomena","middle.ag","de.maistre","life.on.earth","tradition","soul.of.animal","de.medecine","king.of.france","work.on.the.subject","organic.life","mystic.rite","good.angel","excellent.clairvoyance","terrestrial.life","good.spirit","principle.of.reason","convulsive.motion","other.spirit","same.effect","other.part","incarnation","god.hath","harmoney.of.nature","two.occasion","six.day","piece.of.paper","such.thing","young.girl","magnetic.effect"
"8","great.work","st.john","nervous.system","sitting","human.race","material.body","eternal.law","magical.equilibrium","school.of.alexandria","jesus.christ","bodily.organ","such.being","magnetic.current","public.hospital","one.day","name.of.god","material.world","present.day","one.side","essential.attribute","st.paul","system.of.philosophy","o.clock.in.the.evening","immaterial.being","earth.v","few.day","same.law","highest.degree","form.of.worship","energy.of.the.will","good.spirit","epigastric.region","good.faith","same.sort","material.element","secret.book","other.hand","one.hand","moral.education","clairvoyance","long.time","same.result"
"9","occultism","major.arcana","astral.body","magnetic.influence","higher.spirit","material.life","great.number","evil.spirit","name.of.science","word.soul","own.life","certain.person","other.hand","natural.somnambulism","young.person","own.image","other.world","certain.extent","human.soul","magic.chain","negative.pole","ag.of.the.world","same.hour","movement.of.the.earth","long.time","form.of.a.man","same.age","old.man","three.person","vital.principle","many.other","waking.state","child.of.god","colour.of.the.prism","kingdom.of.heaven","absolute.affirmation","electric.fluid","entire.world","horizontal.line","de.krudener","gray.hair","dead.body"
"10","jesus.christ","great.work","second.sight","nervous.system","human.life","present.life","philosophy.of.history","one.side","natural.religion","spirit.of.charity","magical.rod","real.death","dead.rise","highest.degree","eternal.reason","world.of.spirit","material.state","many.man","two.soul","mode.of.operating","such.apparition","proof.of.the.existence","first.time","existence.of.demon","existence.of.the.soul","divine.power","later.period","later.period","whole.world","nervous.system","two.year","part.of.the.magnetiser","heart.of.man","general.ventura","spirit.of.truth","natura.naturan","flash.of.light","sacred.text","reverend.sir","state.of.somnambulism","few.minute","young.girl"
"11","human.life","key.of.the.tarot","tradition","several.time","spiritist","same.spirit","hand.of.god","other.life","divine.light","name.v","material.body","clavicle.of.solomon","great.mystery","principle.of.animal","unhappy.man","later.period","other.hand","distinct.being","physical.world","mature.examination","certain.case","occult.magnetism","ten.year","common.knowledge","one.day","such.revelation","other.person","few.day","highest.reason","fourteen.year","name.of.god","young.man","word.of.god","same.manner","kabbalah","son.of.god","special.organ","little.child","same.result","spiritual.body","seven.year","number.of.person"
"12","supreme.reason","active.principle","law.of.nature","few.day","bad.spirit","previous.life","hilarion.tissot","such.case","whole.life","same.word","same.manner","christian.doctrine","history.of.magic","principle.of.animal.magnetism","rabbi.jechiel","left.eye","guardian.angels","great.man","human.life","same.phenomena","second.volume","own.expense","middle.of.the.room","young.man","communication.of.thought","apparition.of.spirit","law.of.creation","third.time","very.essence","answer.to.this.question","same.faculty","old.man","violent.death","same.kind","young.man","physical.world","tarot","many.other","free.will","two.spirit","many.year","mere.curiosity"
"13","own.day","one.hand","two.force","short.time","same.way","one.life","secret.tribunal","other.hand","son.of.god","few.minute","voice.of.god","sidereal.body","many.other","scientific.man","blind.faith","present.state","acceptation.of.the.word","incarnation","animal.nature","supreme.intelligence","violent.death","hand.of.man","o.clock.in.the.morning","human.being","last.sitting","human.passion","material.envelope","young.woman","very.reason","living.being","most.part","medical.treatment","law.of.nature","one.side","one.day","day.of.judgment","last.term","tradition","good.god","great.thing","few.day","father.girard"
"14","astral.light","four.letter","universal.medicine","other.person","spiritualism","successive.life","two.year","bear.witness","eugene.sue","form.of.worship","two.spirit","forty.day","right.hand","fact.of.animal","thousand.time","present.time","material.man","same.means","fabre.d.olivet","apollonius.of.tyana","due.course","much.force","three.night","history.of.mankind","future.life","few.question","state.of.the.soul","normal.state","almighty.power","different.species","bad.one","three.time","public.opinion","whole.life","own.part","supreme.power","such.thing","such.case","period.of.time","two.child","thirty.year","bad.dream"
"15","transcendental.magic","kabbalistic.alphabet","soul.of.the.earth","one.occasion","superior.spirit","higher.world","work.of.creation","same.effect","same.error","human.language","course.of.time","leo.iii","intellectual.world","fact.of.animal.magnetism","same.word","jesus.christ","spiritual.one","moral.world","same.thing","clairvoyance","old.world","power.of.motion","year.of.age","word.demon","one.place","different.period","like.manner","second.sight","determination.of.the.very.essence","organ.of.the.sensis","several.time","magnetic.operation","blind.man","several.day","holy.ghost","phenomena.of.life","such.matter","word.of.god","knowledge.of.man","madame.de","forty.year","strong.man"
"16","occult.sciences","hieroglyphic.sign","universal.analogy","one.o.clock","present.life","instinct.of.self","science.of.light","other.end","scientific.investigation","moral.quality","certain.point","grand.copht","direct.writing","north.london","other.life","direct.communication","same.question","true.religion","corporeal.life","similar.phenomena","positive.pole","demoniacal.possession","evil.spirit","par.excellence","separation.from.the.body","first.sitting","right.eye","other.means","young.man","general.principle","many.thing","extraordinary.phenomena","law.of.love","political.event","human.science","spontaneous.movement","spiritual.phenomena","blind.man","two.other","magnetic.rapport","spiritual.world","most.case"
"17","other.word","tarot.card","human.body","one.day","material.life","figure.of.speech","such.manner","astral.light","supreme.intelligence","cloudy.form","eternal.punishment","one.thing","two.class","london.hospital","spirit.of.darkness","sick.person","painful.existence","man.of.science","spiritual.nature","limit.of.this.work","like.manner","cardinal.richelieu","quarter.of.a.hour","divine.name","sight.of.god","few.particular","human.species","magnetic.life","two.worlds","one.patient","normal.condition","one.case","infinite.love","great.number","other.spirit","ecstatic.trance","condition.of.life","roman.empire","very.nature","intelligent.principle","twelve.year","life.of.the.soul"
"18","great.secret","sign.of.the.zodiac","other.word","same.manner","one.day","spiritual.world","serpent.circle","calendar.of.tycho","universal.philosophy","first.night","human.nature","same.power","several.century","mode.of.treatment","true.light","healthy.person","departure.from.this.globe","human.genius","great.power","first.part","same.facility","distant.point","same.time","third.term","material.life","eighty.year","spiritual.society","name.of.jesus","human.destiny","complete.somnambulism","several.year","evil.eye","modern.time","certain.distance","great.criminal","sixteenth.century","material.envelope","cornelius.agrippa","longer.period","wisdom.of.god","lower.part","same.order"
"19","wise.man","arcana.of.the.tarot","universal.life","few.minute","natural.law","good.spirit","part.of.god","inner.side","work.of.science","other.spirit","divining.rod","left.side","great.word","many.case","human.reason","count.joseph","medium.of.adele","virtuous.man","human.race","many.fact","clairvoy.ante","lower.point","other.spirit","e.of.the.name","little.girl","human.being","worthy.friend","reality.of.these.apparition","order.of.thing","same.individual","love.of.god","little.patient","hugh.de","scientific.academy","studious.man","saviour.of.the.world","natural.tendency","wise.man","such.individual","happy.state","next.day","light.of.the.sun"
"20","force.of.nature","book.of.thoth","elementary.spirit","two.hour","long.time","other.thing","point.of.departure","own.image","subtle.from.the.gross","remote.place","social.standing","same.difficulty","divine.name","favour.of.animal","human.mind","precious.stone","holy.ghost","conquest.of.science","wheel.of.fortune","new.science","magic.power","moment.of.birth","first.volume","material.form","like.manner","law.of.nature","other..s","one.day","human.intelligence","profound.silence","unfortunate.creature","ordinary.language","de.payen","academy.in.europe","occult.science","absolute.negation","spiritualist.one","second.ternary","point.of.contact","brother.alphonse","little.girl","magnetic.operation"
"21","middle.age","same.time","magical.arcanum","wake.state","inferior.spirit","moral.suffering","four.year","short.time","albertus.magnus","own.age","physical.makeup","magnetic.fluid","grand.grimoire","favour.of.animal.magnetism","school.of.alexandria","world.of.cause","common.sense","few.word","earthly.thought","medical.faculty","second.time","real.body","other.hand","state.of.exaltation","clairvoyance","higher.degree","first.matter","last.night","human.thought","one.world","shorter.period","two.state","more.time","universal.principle","ten.commandment","astral.light","three.motive","first.time","human.hand","third.party","first.volume","many.instance"
"22","universal.equilibrium","sacred.book","old.serpent","year.of.age","same.time","one.word","only.one","good.man","physiological.fact","eleven.year","long.period","lower.extremity","mother.of.the.gods","phenomena.of.animal","magical.secret","old.man","many.time","such.man","sole.purpose","physical.science","pit.of.the.stomach","respiratory.organ","three.month","old.man","earthly.existence","force.of.nature","separation.from.the.body","same.degree","divine.inspiration","first.term","royal.touch","many.other","foreign.spirit","french.revolution","first.man","prince.of.heaven","weakness.of.mind","good.reason","action.of.spirit","free.will","three.year","asleep.in.one.minute"
"23","secret.of.nature","great.arcanum","magical.agent","several.person","point.of.view","divine.justice","one.month","separation.of.the.soul","few.year","ray.of.the.sun","certain.spirit","iron.rod","comte.d.ourch","phenomena.of.animal.magnetism","two.pillars","first.place","intellectual.capacity","twenty.year","future.state","same.cause","secret.of.the.life","de.science","three.o.clock","essential.condition","spiritual.state","same.goal","spirit.of.god","same.answer","word.of.man","second.series","medical.consultation","one.person","jesus.christ","electric.fluid","law.of.nature","divine.love","least.faith","free.will","initiate.of.the.first.order","pit.of.the.stomach","six.year","attentive.observation"
"24","own.part","court.de","law.of.equilibrium","young.lady","physical.world","new.life","existence.of.god","will.of.god","short.time","two.window","future.life","idea.of.infinity","one.person","magnetic.somnambulist","divine.ideal","whole.universe","incarnate.spirit","other.case","spirit.world","same.description","dear.monsieur","nervous.system","active.force","white.wing","different.place","earthly.affections","spirit.of.light","human.being","active.force","passage.from.one.world","physical.influence","six.month","son.of.man","one.way","grace.of.god","evil.one","faith.in.whatsoever.depart","young.child","X1.degree","living.being","last.night","faculty.of.prevision"
"25","law.of.nature","ancient.world","transcendental.magic","three.day","spirit.manifestation","human.life","light.of.day","certain.point","eternity.of.happiness","law.of.nature","point.of.view","kind.of.dream","spiritualist","immortality.of.the.soul","absolute.liberty","journal.do","spirit.life","one.word","law.of.progress","direct.opposition","sanguine.temperament","proper.time","nine.o.clock","common.sense","god.v","same.process","reality.of.the.apparition","visible.world","spiritual.power","young.person","evil.influence","first.place","new.life","magnetic.life","two.kind","few.word","chemical.possibility","nature.of.the.spirit","X2.degree","intimate.friend","good.deal","certain.event"
"26","eternal.life","sacred.name","one.day","one.night","other.world","impure.spirit","occult.power","same.subject","true.light","important.question","new.life","new.testament","such.condition","magnetical.phenomena","hebrew.letter","one.evening","two.individual","existence.of.god","moral.development","state.of.the.patient","realm.of.science","ecstatic.sleep","two.friend","pure.spirit","good.spirit","other.world","assemblage.of.thought","own.accord","great.epic","same.species","fact.of.this.nature","little.time","whole.town","two.letter","human.knowledge","human.being","own.illusion","seventeenth.century","X3.degree","one.soul","mrs..h","hydrocyanic.acid"
"27","high.priest","hebrew.alphabet","ether","magnetic.fluid","good.spirits","physical.body","penalty.of.death","ancient.sage","absolute.truth","mutual.assistance","prior.life","mrespect.p.","natural.world","magnetic.operation","transcendent.science","one.night","spiritual.world","ancient.time","state.of.the.spirit","de.yopuysegu","new.era","own.existence","seven.o.clock","de.medecine","world.of.cause","very.day","excellent.clairvoyante","approach.death","universal.reason","few.fact","sound.mind","do.potet","part.of.the.nervous.system","creative.word","one.individual","point.of.view","recital.of.supernatural.thing","social.position","X6th.arcanum","common.source","last.time","certain.substance"
"28","absolute.science","kabbalistic.key","occult.philosophy","next.day","spirit.life","degree.of.advancement","good.work","natural.world","other.word","good.friday","sympathetic.spirit","same.figure","secret.thing","psychical.phenomena","urbain.grandier","early.year","superior.heaven","supreme.moment","animal.soul","number.of.fact","submission.to.god","undeniable.proof","magnetic.dream","academie.de","six.month","fact.of.this.kind","divine.justice","perfect.health","thing.of.faith","heart.of.man","good.thing","nervous.complaint","ultimate.goal","real.science","precise.time","few.fact","supernatural.thing","foot.of.the.patient","great.man","particular.point","communication.of.thought","human.divinity"
"29","same.time","universal.key","great.number","three.hour","same.manner","multiple.life","same.circumstance","moral.evil","other.man","black.coat","human.law","quadrature.of.the.circle","same.cause","same.principle","natural.order","dead.child","malicious.spirit","progress.of.science","individual.life","property.of.matter","joan.of.arc","five.minute","angel.of.light","magnetism.in.the.treatment","human.form","bad.faith","present.work","poor.creature","st.peter","person.at.a.distance","twenty.year","wake.state","case.of.violent.death","seven.colour","lord.conway","prefatory.remark","minded.man","faculty.of.medicine","physical.cause","higher.state","three.week","mere.word"
"30","human.form","william.postel","great.initiator","part.of.the.body","past.life","free.will","mystery.of.nature","ordinary.condition","son.of.man","pure.love","own.opinion","own.centre","human.life","few.year","female.pope","man.of.genius","young.prince","histoire.critique","wheel.of.ezekiel","intelligent.power","animal.kingdom","same.source","other.person","many.remedy","first.place","old.friend","first.step","part.of.this.volume","salt.of.the.philosopher","two.principle","few.error","two.other","physical.law","first.christian","one.body","remark.in.order","form.clad","pasteboard.screen","one.evening","dom.gerle","twenty.year","white.disks"
"31","later.period","holy.spirit","vital.light","same.thing","pure.spirit","divine.sun","animated.being","own.individuality","good.action","characteristic.of.charity","name.of.the.person","visible.form","action.of.fire","present.state","solar.cross","rosy.cross","perfect.happiness","natural.history","sacred.vessel","semi.material.envelope","orbit.of.life","such.phenomena","one.side","considerable.light","father.lauriot","spiritual.clairvoyance","first.sight","eternal.happiness","absolute.philosophy","palpitation.of.the.heart","material.globe","vital.power","honest.labor","history.of.magic","inert.body","amount.of.confidence","incredulous.shake","other.means","other.word","wicked.spirit","fifty.year","extraordinary.vision"
"32","same.way","sacred.word","de.mirville","third.day","invisible.world","real.presence","whole.world","part.of.the.world","mortal.body","communication.with.spirit","few.day","occult.versicle","three.thing","other.case","same.root","divine.light","present.state","light.of.truth","only.one","intelligent.principle","sun.of.grace","assistance.of.the.spirit","X2d.of.may","light.on.a.variety","good.one","alchemy","virtuous.woman","one.morning","alliance.of.reason","extraordinary.fact","future.existence","seven.o.clock","own.domain","letter.of.the.hebrew.alphabet","one.god","great.weight","shake.of.the.head","such.practice","invisible.hand","supreme.being","first.time","nervous.disease"
"33","occult.philosophy","same.symbol","occult.medicine","seance","moral.sense","new.trial","vast.majority","certain.man","lady.of.the.court","wicked.spirit","more.value","astral.light","natural.aptitude","baron.dupotet","column.of.the.temple","christian.name","spiritual.man","human.heart","perfect.happiness","freedom.of.action","human.justice","many.circumstance","upper.room","variety.of.fact","evil.thought","full.extent","certain.fact","quarter.of.a.year","eternal.hope","state.of.ecstasy","beneficent.spirit","mesmeric.influence","master.of.the.world","english.officer","middle.point","abnormal.condition","mere.illusion","person.in.the.state","present.day","easy.matter","blue.eye","proper.value"
"34","whole.world","precious.stone","two.person","one.time","divine.law","eternal.happiness","spiritual.soul","very.fact","seventeenth.century","terrestrial.sun","old.age","absolute.philosophy","various.nation","own.experience","such.person","two.being","predominant.affection","serious.study","terrestrial.body","small.number","white.resin","emmanuel.swedenborg","low.voice","horrible.persecution","other.day","diaphanous.body","various.state","knocking.on.the.wall","light.of.god","east.indy","whole.body","one.finger","branch.of.knowledge","sikh.chiefs","christian.religion","future.state","several.blow","end.of.the.earth","several.hour","same.manner","ten.year","good.advice"
"35","perpetual.motion","three.word","phenomena.of.magnetism","magnetic.condition","degree.of.perfection","good.example","idea.of.god","one.eye","new.science","one.sun","effect.for.the.cause","early.century","figurative.language","personal.observation","few.word","e.mile","full.acceptation","time.being","dead.body","number.of.initiation","ocular.witness","commencement.of.the.attack","similar.one","modern.science","own.eye","next.time","state.of.man","several.time","pure.gold","nature.of.the.disease","period.of.time","intuitive.knowledge","temple.of.solomon","series.of.number","saviour.of.the.world","latent.state","small.spinning","only.way","strange.noise","same.place","good.man","future.life"
"36","holy.spirit","two.line","other.cause","such.person","incarnate.spirit","such.people","integral.part","guardian.spirit","other.mode","distant.view","very.moment","monstrous.idol","power.of.the.soul","new.commission","red.velvet","maiden.name","false.position","own.device","such.case","magical.ceremony","nocturnal.assemblie","member.of.the.magnetological.society","highest.degree","superstition.of.the.age","ad.infinitum","second.time","moral.world","mass.of.spirit","true.magician","extraordinary.phenomena","one.world","right.side","great.instrument","seven.year","indefinite.progress","mineral.kingdom","wheel.to.the.bedside","discoveries.of.science","ten.time","good.heaven","left.side","few.seconds"
"37","three.worlds","four.element","magnetic.fluid","ordinary.state","law.of.justice","jean.jacque","notion.of.god","best.way","own.system","such.thing","divine.justice","word.of.truth","entire.conviction","truth.of.animal","crown.of.gold","old.woman","happiness.of.spirit","past.age","physical.life","quarter.of.a.hour","master.in.magic","magnetological.society","old.man","magnetic.principle","goodness.of.god","second.apparition","practical.result","means.of.communication","creative.power","muscle.of.the.face","property.of.the.soul","bad.spirit","royal.sceptre","other.time","angel.of.light","universal.belief","presence.of.a.score","judgment.day","natural.cause","blue.sky","little.boy","new.study"
"38","magical.work","four.figure","magical.power","one.person","spiritualist","roman.church","article.of.faith","tarot","first.operation","happy.state","such.spirit","education.of.the.will","nine.day","truth.of.animal.magnetism","spirit.of.light","same.family","protestant.minister","faith.in.the.future","infuence.of.matter","one.thing","own.shadow","society.of.paris","emile.rey","egyptian.priest","two.day","apparition.of.adele","normal.state","young.girl","law.of.life","electrical.shock","one.v","same.degree","sexual.love","own.eye","three.week","one.possess","score.of.person","social.institution","cry.of.terror","first.wish","two.person","hazel.color"
"39","good.faith","sacred.alphabet","universal.light","five.minute","existence.of.spirit","spiritist","joan.of.arc","possessed.woman","sudden.manner","ecstatic.state","earliest.age","full.moon","magical.element","therapeutical.agent","whole.day","same.condition","such.case","nature.of.man","moral.nature","destiny.of.man","drop.of.blood","method.of.proceeding","same.amount","part.of.the.priest","several.question","better.world","future.event","many.year","spirit.of.charity","difference.in.the.result","man.on.earth","middle.ag","rich.man","world.of.form","other.world","power.of.nature","agitation.of.the.air","kingdom.of.heaven","piece.of.wood","spiritual.view","black.hair","influence.of.a.sort"
"40","middle.ag","cardinal.point","doctrine.of.herme","several.month","spiritual.life","great.deal","christian.charity","god.of.the.devil","word.god","magnetic.sleep","other.object","marvellous.cure","occult.force","manual.contact","highest.degree","do.magnetisme","incarnation","prodigal.son","attribute.of.the.spirit","fact.of.this.nature","material.world","dead.man","firm.step","interpretation.of.dream","good.woman","secret.power","two.point","two.woman","third.principle","own.mouth","small.table","better.world","one.voice","prince.of.science","divine.light","material.element","air.under.the.invisible.wand","true.believer","own.accord","four.year","last.moment","young.woman"
"41","one.hand","fabre.d.olivet","fatal.law","natural.sleep","other.word","old.man","whole.man","good.faith","one.thought","first.communion","different.way","open.sea","talisman.of.the.sun","magnetic.treatment","great.criminal","departure.from.the.earth","physical.organ","light.manifest","right.word","such.experiment","last.point","many.time","hundred.franc","secret.thought","great.deal","two.child","primitive.state","madame.de","one.person","such.process","one.day","present.moment","extreme.unction","good.news","knowledge.of.the.law","principle.of.vitality","invisible.wand","last.judgment","first.line","X11th.august","fifteen.year","remarkable.manner"
"42","many.century","four.colour","common.reservoir","magnetic.power","spirit.communication","only.one","perfect.purity","own.eye","entire.world","mutual.understanding","familiar.spirit","letter._aleph","supreme.secret","member.of.the.academy","holy.book","other.way","four.day","power.of.god","right.path","more.person","great.benefit","class.of.society","fell.asleep","lower.spirit","material.object","primary.cause","true.love","inmost.thought","one.language","certain.extraordinary","ordinary.state","dear.reader","book.of.mose","linen.bag","frame.of.mind","favorable.circumstance","wheel.turn","small.number","female.figure","same.emotion","eight.year","theory.of.mesmer"
"43","philosophical.stone","oswald.wirth","magnetic.agent","three.minute","supreme.happiness","whole.universe","golden.fleece","many.person","frst.cause","inferior.spirit","pillars.of.the.temple","great.light","de.villar","treatment.of.disease","one.word","black.color","spirit.world","same.manner","time.of.death","middle.ag","first.place","nineteenth.century","state.of.catalepsy","frst.man","brilliant.light","numerous.instance","st.anthony","same.moment","minute.detail","kind.of.magnetisation","large.number","magnetic.influence","perpetuity.of.life","three.time","great.distance","vital.element","cloud.of.dust.gather","whole.earth","palm.of.the.hand","interval.of.time","old.woman","ordinary.phenomena"
"44","sovereign.pontiff","application.of.the.tarot","young.girl","profound.sleep","moral.life","word.water","divine.word","passionate.man","human.pride","god.of.heaven","different.condition","divine.honour","sign.of.solomon","natural.somnambulist","first.condition","two.month","higher.spirit","sectarian.spirit","worthy.of.note","common.sense","occult.sciences","systematic.work","interest.of.truth","enjoyment.of.such.perfection","material.man","holy.name","nightmare.of.st","first.instance","life.of.man","unusual.sensation","certain.place","certain.disease","patriarch.of.constantinople","old.church","incarnation","activity.of.life","dust.gather","old.temple","human.race","love.in.heaven","large.nose","ex.parte"
"45","great.master","other.hand","last.word","two.minute","incarnation","state.of.mind","inflexible.will","god.in.heaven","human.progress","one.sin","original.sin","white.stone","name.of.adonai","history.of.animal","human.thought","hand.of.man","only.type","long.year","capital.punishment","good.genius","two.operation","advocate.of.truth","right.arm","such.perfection","part.of.the.country","highest.rank","nightmare.of.st.anthony","absolute.insensibility","same.force","undefinable.pain","spiritual.body","heavenly.body","next.world","beneficial.effect","great.art","organic.body","sorry.trick","secret.instruction","disastrous.consequence","light.dress","one.evening","parte.evidence"
"46","first.time","seven.seal","wild.beasts","magnetic.pass","bad.one","human.reason","astral.current","voice.of.that.lady","severe.illness","kind.of.information","one.spirit","two.man","peter.of.apono","history.of.animal.magnetism","first.appearance","incarnation","lower.spirit","great.thing","et.seq","many.time","later.date","phenomena.of.natural.somnambulism","dead.man","spirit.accomplish","thousand.time","own.heart","abbé.chavoz","historical.fact","visual.organ","pain.in.the.body","three.fact","human.existence","pious.man","beautiful.expression","pure.spirit","movement.result","trick.of.legerdemain","three.term","general.term","mark.of.distinction","open.forehead","evidence.of.the.commissioner"
"47","single.word","seven.genii","own.part","physical.organ","few.moment","such.answer","occult.medicine","physical.cause","absolute.independence","life.anterior","breath.of.god","young.man","enigma.of.the.sphinx","magnetic.state","full.length","violent.death","moment.of.death","do.magnetisme","ecstatic.person","entire.confirmation","essential.condition","simple.fact","same.form","accomplish.at.each.step","spiritual.life","flash.of.lightning","hour.of.apollonius","organ.of.speech","simple.mortal","suppression.of.cutaneous.perspiration","own.pleasure","solar.plexus","holy.book","various.disease","st..paul","idea.of.nothingness","dear.godmother","harmoney.of.nature","material.interest","kind.of.vision","sixty.year","external.impressions"
"48","same.reason","final.word","one.step","natural.somnambulism","thousand.year","educated.man","noble.daughter","good.deal","transcendental.sciences","painful.life","spirit.of.the.child","lapse.of.a.quarter","abbé.de","phenomena.of.somnambulism","marvellous.thing","great.merit","sympathetic.spirit","first.sight","first.phase","great.work","same.table","hind.leg","female.figure","harmony.of.the.universe","such.thought","old.manuscript","last.time","solution.of.the.mystery","very.form","cutaneous.perspiration","honest.man","magnetic.process","question.to.m","head.downward","illustrious.personage","unknown.world","action.over.the.matter","equilibrium.of.the.world","lower.rank","live.being","clairvoyant","natural.timidity"
"49","three.person","first.principle","do.potet","dark.spirit","period.of.time","immortality.of.the.soul","hermetic.philosophy","many.circumstance","great.master","feeble.ray","distinctive.character","whole.form","universal.generation","work.on.magnetism","open.day","queen.of.the.world","course.of.treatment","sweet.consolation","freedom.of.conscience","one.party","belief.in.god","much.sense","other.occasion","first.requirement","separation.from.matter","order.of.the.number","kind.of.prayer","many.witness","dead.body","momentary.obstruction","exact.description","abnormal.state","other.case","first.physician","remarkable.cure","threshold.of.eternity","medium.of.organ","master.of.cornelius","fruit.of.the.earth","more.facility","great.deal","one.minute"
"50","true.religion","divine.world","animal.economy","female.spectre","degree.of.development","civilized.nation","point.of.the.sword","material.being","grand.master","ray.of.the.spiritual.sun","natural.explanation","divine.being","diabolical.signature","reality.of.the.magnetic.influence","first.book","seven.day","degree.of.evolution","philosophy.of.the.day","result.of.suicide","greatest.wonder","number.of.testimonial","king.of.france","four.month","requirement.of.any.theory","short.time","property.of.the.soul","greater.facility","degree.of.skill","word.of.god","obstruction.of.breathing","other.clairvoyante","whole.mass","creator.of.all.thing","medical.practice","physical.phenomena","particular.spot","incredulity.on.such.matter","master.of.cornelius.agrippa","human.action","play.music","several.time","past.eight"
"51","universal.harmony","human.will","one.hand","two.day","imperfect.spirit","many.time","old.sanctuary","many.passage","secret.science","large.fire","great.misfortune","part.of.the.body","golden.letter","positive.evidence","figure.of.a.man","comte.de","one.form","man.of.the.age","such.soul","operation.of.the.same.cause","different.creed","enemie.of.grandier","life.of.the.body","underdevelop.people","five.minute","treatise.on.heaven","power.of.god","different.people","fundamental.principle","certain.exaltation","psychological.question","ordinary.wake","creator.of.the.universe","professor.of.mathematics","one.time","four.level","violent.ring","seven.note","one..s","consult.on.this.head","part.of.the.body","magnetic.exaltation"
"52","goat.of.mende","primitive.alphabet","human.passion","clairvoyance","freedom.of.choice","exclusive.privilege","number.of.god","different.way","X_sepher.yetzirah","same.ray","natural.manner","evil.one","american.spiritualism","medical.profession","middle.finger","public.opinion","perfect.spirit","sensible.person","two.figure","winking.of.the.eyelid","man.of.letter","early.ag","superhuman.being","existence.of.malicious.deity","few.instant","disposition.of.mind","state.of.obsession","people.on.earth","first.word","exaltation.of.the.mind","such.fact","remarkable.example","existence.of.god","natural.cause","gift.of.healing","airy.form","sign.of.farewell","holy.scripture","true.secret","first.step","name.of.god","phenomenon.occur"
"53","universal.science","divine.name","magical.work","several.year","right.path","one.time","terrestrial.atmosphere","divine.essence","wild.boar","different.thing","first.result","first.place","mysterious.knocking","curative.effect","divine.word","general.fluid","trigram.of.fohi","happy.day","movement.of.life","thumb.on.the.plexus","different.nation","ordinary.effect","word.angel","malicious.deity","same.thing","precious.stone","material.thing","degree.of.elevation","more.instance","lively.sense","proof.of.the.truth","drespect.e","hundred.foot","many.case","natural.phenomena","heavy.article","female.friend","great.event","entire.faith","second.person","many.other","case.of.this.kind"
"54","true.adept","study.of.the.tarot","author.of.this.book","later.period","physical.body","general.rule","lawful.authority","o.clock.in.the.afternoon","st..thoma","magic.power","maternal.love","one.feel","host.of.vintra","abbe.faria","sign.of.the.macrocosm","vincent.de","bad.spirit","great.soul","moral.regeneration","plexus.of.the.nerve","earthly.object","usual.pass","moral.perfection","goodness.as.a.attribute.par","such.circumstance","ten.year","same.person","spiritual.faculty","fall.asleep","sense.of.comfort","little.importance","deep.sleep","new.jerusalem","english.physician","article.of.faith","higher.grade","three.pull","religious.order","last.year","human.weakness","several.person","accumulation.of.the.magnetic.fluid"
"55","basil.valentine","hermetic.philosophy","occult.force","few.hour","spirit.state","degree.of.the.spirit","father.hilarion","own.house","X10.card","fine.garden","great.crime","other.place","seven.year","young.physician","secret.doctrine","true.faith","much.pain","new.discovery","first.idea","nerve.in.the.epigastrium","religious.revelation","temporary.loss","likeness.of.the.person","goodness.as.a.attribute.par.excellence","three.day","spiritual.experiment","only.person","death.penalty","ace.of.club","unusual.modification","intimate.union","same.light","great.thing","great.clearness","intellectual.life","dark.spirit","pull.at.the.bell","very.law","supernatural.cause","great.accuracy","eighteen.month","greater.part"
"56","tree.of.knowledge","great.arcana","henry.khunrath","pit.of.the.stomach","higher.world","social.standing","instrument.of.precision","nature.of.thing","same.manner","bad.angel","temporal.power","sign.of.life","precious.stone","other.physician","great.magic","pleasure.of.life","heavy.burden","state.of.animal","twelve.master","finger.towards.the.hypochondria","human.victim","loss.of.power","same.evening","attribute.par","apparition.of.m","one.experiment","same.place","village.of.prevorst","six.time","somnolency.of.a.peculiar","external.appearance","three.finger","first.volume","past.experience","own.act","various.way","time.in.scotland","child.of.israel","three.part","life.of.the.individual","two.year","remarkable.effect"
"57","same.law","two.key","strange.phenomena","own.part","errant.spirit","trial.of.corporeal.life","john.baptist","idea.of.justice","marvellous.effect","little.clairvoyante","universal.kingdom","thirty.year","ecstatic.state","many.member","wild.beast","civil.war","clairvoyance","personal.hostility","wooden.leg","finger.on.the.side","former.time","variety.of.intelligence","six.o.clock","bad.deed","first.one","adele.magnot","grand.architect","whole.year","arm..pit","somnolency.of.a.peculiar.character","two.way","certain.sign","social.relation","dread.book","time.of.christ","nerve.spirit","strange.spirit","eternal.destruction","single.figure","kind.of.perception","one.side","saturation.of.the.nervous.system"
"58","human.soul","four.corner","universal.movement","such.case","order.spirit","supreme.happiness","limit.of.the.circle","liberty.in.man","physical.experiment","saint.paul","destroyer.of.child","liberty.of.conscience","occult.science","conclusive.evidence","natural.force","present.stupidity","compound.of.air","partisan.of.animal","power.in.the.world","region.of.the.spleen","such.use","serious.question","next.night","devils.appeal","fifteen.day","second.brother","many.individual","ordinary.eye","certain.day","peculiar.character","divine.power","right.path","scientific.world","very.verge","hour.of.the.day","much.happiness","phenomena.of.magnetism","noble.heart","X4.degree","holy.mystery","black.eye","mental.excitement"
"59","two.force","italian.tarot","magical.tradition","same.state","false.idea","path.of.progress","two.circle","ecclesiastical.authority","same.age","earth.age","bad.action","name.of.the.place","astrology","concurrent.testimony","very.essence","greek.word","such.power","partisan.of.animal.magnetism","person.suffer","exercise.for.about.a.quarter","moral.force","own.independence","female.form","appeal.to.the.word","experiment.of.this.kind","jean.marie","few.observation","inner.self","intellectual.energy","idiosyncracy.of.the.patient","more.ample","other.people","birth.of.christ","pastoral.letter","sun.of.grace","live.water","certain.quantity","prayer.to.god","professor.of.magic","eight.month","transmission.of.thought","clinical.lecture"
"60","secret.of.the.kabbalah","other.letter","secret.of.science","young.woman","moral.progress","same.level","great.criminal","more.intelligence","phenomena.of.somnambulism","opposite.side","little.boy","excellent.heart","same.point","much.attention","ancient.world","history.of.magic","heavy.one","critique.do","such.thing","cardinal.virtue","monsieur.cahagnet","earliest.ag","mysterious.chamber","word.of.christ","somnambulic.state","interior.organ","view.at.distance","organic.power","prophetic.dream","series.of.phenomena","material.one","superstitious.people","good.people","large.quantity","central.sun","extraordinary.manner","philosophical.dictionary","good.spirit","creative.principle","inferior.part","two.foot","experience.sensation"
"61","universal.medicine","few.word","nervous.apparatus","magnetic.operation","own.effort","one.existence","unfortunate.man","certain.extent","universal.knowledge","envoy.of.god","two.body","adele.resume","great.man","medical.practitioner","altar.of.perfume","other.voice","d.orval.prediction","moral.integrity","same.way","prophetic.dream","human.knowledge","different.direction","universal.medicine","heart.of.human","ardent.desire","great.satisfaction","little.niece","former.part","almighty.god","convulsive.state","second.state","ridiculous.practice","dry.hand","principle.of.life","mother.of.god","beautiful.life","certain.analogy","organ.of.the.body","old.priest","wooden.shoe","four.hour","other.hypothesis"
"62","st.john","thirty.year","american.medium","peculiar.state","human.species","new.incarnation","two.live","end.of.the.room","creator.of.the.universe","brilliant.sun","own.image","lord.jesus.christ","timorous.conscience","practice.of.medicine","human.flesh","one.thing","destruction.of.paris","truth.of.the.fact","luminous.ray","ceremony.of.the.ancient","new.experiment","choice.by.any.means","holy.water","jesus.to.the.word","evil.spirits","clairvoyance.of.adele","many.being","other.sound","miserable.creature","name.of.the.magnetic.crisis","death.of.the.body","perfect.vigilance","long.agony","accomplishment.of.god","uncreated.light","kabbalah","short.account","new.jerusalem","miraculous.host","divine.spark","same.period","daily.exercise"
"63","royal.art","unknown.philosopher","good.faith","state.of.insensibility","common.sense","doctrine.of.metempsychosis","live.being","perfect.consciousness","long.year","true.god","death.v","supreme.power","religious.question","early.history","slime.of.the.earth","same.kind","use.of.speech","appearance.of.the.histoire","state.of.somnolency","such.occasion","other.phenomena","fall.of.humanity","infernal.evocation","allegorical.narrative","sympathetic.thread","white.hair","one.place","happy.spirit","natural.right","magnetic.crisis","will.of.the.magnetizer","sleepwak.state","last.breath","different.colour","second.death","chief.figure","nervous.agent","different.nation","same.miracle","great.danger","good.heaven","same.character"
"64","true.science","letter.of.the.alphabet","material.body","one.minute","other.hand","number.of.year","own.hand","corporeal.world","future.existence","labyrinth.of.error","second.half","native.land","two.woman","member.of.the.profession","remarkable.work","several.year","last.question","appearance.of.the.histoire.critique","mere.mention","ignorant.person","loud.voice","original.sin","whole.length","tribulation.of.those.day","doubt.in.this.respect","respectable.man","object.of.this.work","lower.room","meaning.of.the.word","ultimatum.of.the.result","same.medium","natural.language","soul.to.the.body","sensible.effect","black.magic","disciple.of.zoroaster","muscular.contraction","better.life","material.object","horrible.effect","white.robe","carbonate.of.iron"
"65","secret.doctrine","general.law","other.world","magnetic.somnambule","law.of.nature","chapter.vi","large.circle","extreme.limit","variety.of.form","few.truth","appearance.on.earth","fundamental.principle","lower.part","power.of.magnetism","sacred.thing","single.thought","present.one","medical.student","name.of.the.being","magnetism.depend","popular.belief","moment.of.conception","bloody.sacrifice","power.of.the.heaven","ecstatic.state","question.to.this.gentleman","spiritual.law","old.cathedral","such.time","chief.object","third.person","bright.light","such.effect","power.of.stone","religious.dogma","more.cease","nervous.atmosphere","copper.vessel","supreme.being","singular.phenomenon","young.lady","one.hour"
"66","dogma.of.herme","two.figure","same.way","whole.time","new.life","justice.of.god","first.part","increase.mather","honest.soldier","individual.spirit","large.family","heaven.to.earth","elementary.spirits","certain.circumstance","expression.of.the.word","same.organ","marriage.in.heaven","physical.fact","heart.of.man","movement.of.object","principle.in.nature","specifc.body","blood.of.the.victim","reference.to.creation","whole.eternity","treatise.on.alchemy","further.question","two.spectre","true.faith","object.of.the.magnetic.influence","great.quantity","common.mother","bear.witness","kingdom.of.nature","folly.of.the.cross","first.notion","mere.machine","six.hour","faculty.of.the.soul","transference.of.the.sense","little.niece","burst.of.laughter"
"67","grand.hierophant","three.septenary","great.man","intellectual.faculty","corporeal.life","being.of.creation","nineteenth.century","power.of.imagination","individual.of.this.kind","water.return","other.world","fluid.in.equilibrium","religious.idea","complete.success","eternal.death","such.conversation","many.man","eminent.pathologist","sudden.inspiration","own.whim","seven.time","body.by.a.fuid.link","good.angel","figurative.expressions","old.man","new.apparition","truth.of.these.apparition","bright.form","three.magi","first.question","actual.state","clairvoyant","queen.of.the.world","head.of.the.people","free.spirit","scale.of.proportion","first.septenary","intellectual.world","magnetic.experiment","different.nature","four.year","observation.of.fact"
"68","sacred.number","two.letter","law.of.analogy","same.description","certain.amount","same.nature","second.part","ordinary.force","satirical.balzac","material.law","catholic.priest","equilibrium.in.every.part","earthly.life","same.effect","absolute.being","religious.person","creation.of.man","marvellous.power","soul.of.man","new.fact","whole.world","fuid.link","evil.spirits","teaching.to.the.time","little.angel","good.distance","gentleman.declare","apostate.priest","kabbalah","various.degree","poor.people","curious.experiment","other.nation","law.of.gravity","exact.science","celestial.hierarchy","X2nd.septenary","pure.spirit","own.existence","spiritism","same.thing","incontestable.truth"
"69","true.initiate","two.pillars","right.hand","one.hand","spiritual.being","end.of.time","human.kind","adequate.explanation","astounding.alexandre","real.presence","information.with.respect","index.finger","king.of.the.isle","professor.of.animal","great.cry","special.protection","past.action","series.of.effect","human.body","mechanical.force","history.prove","infant.announce","two.crown","impure.spirits","watchful.state","young.prince","two.way","branch.of.acacia","christian.sacerdotalism","decided.sensation","great.number","only.one","faculty.of.medicine","light.of.the.moon","battle.of.life","weak.eye","laid.bare","eternal.punishment","dangerous.effect","mediumistic.faculty","good.care","scientifc.notion"
"70","one.day","first.letter","universal.fluid","other.time","word.soul","christian.revelation","series.of.fact","doctrine.of.magnetism","alexandre.duma","first.order","moral.lesson","finger.of.the.right.hand","slight.sketch","professor.of.animal.magnetism","spirit.of.perversity","satisfactory.answer","other.worlds","state.of.magnetic.insensibility","many.case","intelligent.cause","submissive.child","number.of.the.living","two.person","existence.of.being","age.of.three.year","relation.with.the.universe","non.existence.of.free.will","human.conception","part.of.the.known.world","distance.of.about.one.foot","aerial.body","little.somnambulist","appropriate.organ","solar.orbit","fertile.power","divine.prometheus","happiness.consist","personal.existence","different.time","obvious.fact","good.clairvoyante","great.mathematician"
"71","one.side","philosophical.cross","magnetic.pass","clairvoyant","vital.fuid","spirit.of.death","such.account","former.one","austere.patriot","small.room","effect.without.cause","hand.at.the.summit","open.day","somnambulism.occur","sylvester.ii","next.sitting","spiritual.glob","magnetic.insensibility","great.resemblance","new.feld","apparent.death","servants.of.god","such.experiment","personification.of.evil","heaven.v","love.of.evil","purest.source","only.bond","known.world","one.foot","ethereal.body","magnetic.state","poor.man","sphere.of.repulsion","bad.influence","word.of.truth","degree.of.force","present.generation","small.piece","necessary.point","other.life","vast.number"
"72","secondary.cause","passive.principle","will.of.man","same.person","intellectual.development","st..bartholomew","whole.thing","time.period","patriot.alphonse","young.traveller","infinite.goodness","summit.of.the.head","scientific.man","study.of.animal","crescent.moon","left.cheek","future.one","chronic.disease","few.moments","many.mystery","piece.of.bread","human.eye","bad.angel","evil.in.a.metaphorical.form","views.at.distance","picture.whereon","source.of.terrestrial.life","clairvoyance","universal.doctrine","greatest.care","certain.kind","organ.of.the.body","worlds.of.the.universe","boundless.sphere","love.of.woman","creative.force","immortal.life","more.justice","fact.of.the.same.order","divine.plan","poor.woman","lesson.of.that.trial"
"73","true.god","grand.hierophant","force.of.nature","convulsive.fit","power.of.nature","arcana.i.","one.hand","great.disaster","alphonse.esquiro","hoarse.voice","prior.existence","head.on.the.left.side","several.other","study.of.animal.magnetism","two.column","right.eye","perfect.equality","attention.of.man","magnetic.susceptibility","destruction.of.the.body","intellectual.strength","branch.of.human.knowledge","point.of.view","metaphorical.form","such.matter","great.ecstatico","good.swedenborg","whole.family","whole.assembly","sympathetic.influence","solar.system","left.side","type.of.death","one.figure","power.of.god","three.name","medical.treatment","inaugural.dissertation","same.trial","creation.of.the.world","small.town","instrument.of.torture"
"74","last.word","key.of.solomon","natural.law","much.time","own.volition","law.of.progress","secret.thought","amount.of.progress","piquant.alphonse","considerable.distance","work.of.m","face.to.the.breast","magnetic.virtue","higher.order","good.reason","false.spirit","accord.with.the.law","first.degree","one.time","serious.effort","world.of.the.universe","mountain.air","liberty.of.conscience","sole.aim","several.work","presence.of.such.revelation","human.organism","mystery.of.god","indispensable.condition","direct.magnetisation","universal.fuid","whole.life","useful.purpose","entire.stranger","material.world","name.of.the.genii","divine.goodness","influence.of.the.planet","new.one","sedimentary.layer","second.time","inhabitant.of.the.midregion"
"75","great.man","religious.dogma","phenomena.of.nature","eight.day","wrong.path","many.other","festival.of.st","return.to.the.general.mass","alphonse.karr","different.term","whole.life","state.of.excitement","extraordinary.power","practice.of.animal","influence.of.a.evil","superior.spirit","one.material","magnetiser.of.the.present.day","two.preceding","intelligent.effect","guilty.person","disclosure.of.the.seeress","power.of.spirit","strong.impact","similar.fact","such.logic","individual.action","time.of.trial","blind.fatality","state.of.complete.somnambulism","few.month","pit.of.the.stomach","prayer.from.the.heart","seven.sacrament","watchful.state","fire.from.heaven","world.of.form","planet.on.the.human.body","science.of.magnetism","essential.part","three.foot","land.of.shadows"
"76","first.cause","de.gebelin","own.tail","same.result","new.existence","several.place","ancient.egyptian","soul.with.the.body","philanthropic.eugene","endless.nature","piece.of.land","liive.being","magnetism.produce","practice.of.animal.magnetism","one.point","two.sex","year.on.earth","attention.to.the.relation","diabolical.power","right.time","social.order","universal.spirit","fifty.year","impact.on.the.human.imagination","five.year","last.one","book.of.life","good.result","humanity.divine","natural.body","loved.one","several.experiment","absolute.justice","first.means","end.of.the.world","inflict.death","mere.desire","peculiar.form","ball.of.the.eye","account.for.the.divine","hazel.eye","divine.humanity"
"77","human.mind","divine.tetragram","true.science","ten.minute","degree.of.advancement","interval.of.time","light.of.science","religious.doctrine","heaven.as.god","end.of.that.suffering","happy.one","divine.law","prodigious.extension","royal.society","state.of.exaltation","eternal.union","much.truth","magnetism.in.england","natural.remedy","essential.property","new.philosophy","theory.of.apparition","four.time","human.imagination","other.state","material.solution","such.phenomena","name.of.the.person","altar.against.altar","robert.flud","unborn.child","great.suffering","direct.consequence","return.to.life","spiritual.light","sun.of.truth","other.crime","wonderful.effect","eight.minute","account.for.the.divine.act","auburn.hair","rule.of.life"
"78","catholic.church","human.genius","soul.of.the.world","cure.of.disease","errant.state","other.idea","month.of.november","errant.spirit","same.disease","conviction.of.the.endlessness","last.effort","exceptional.circumstance","end.in.view","corporeal.apposition","beautiful.mantle","very.moment","sound.judgment","animal.life","moral.principle","perception.of.thing","educated.people","slightest.trace","different.time","form.for.immaterial.being","material.existence","notions.on.magnetism","distinction.of.sect","god.for.man","thing.of.science","species.of.magnetism","guardian.angel","same.fact","greater.authority","golden.candlestick","order.of.thing","moral.beauty","nauseous.smell","most.perverse","musical.instrument","divine.act","hollow.eye","single.personality"
"79","one.foot","symbolical.figure","astral.fluid","magnetic.action","lower.world","such.means","vital.soul","long.series","old.soldier","conviction.of.the.endlessness.nature","hideous.form","wrong.path","visual.ray","practical.application","mantle.of.red.velvet","rosy.color","exact.representation","later.time","relation.with.the.external.world","luxurious.clothing","ganglionic.system","letter.aleph","accidental.death","bad.quality","poor.man","reflection.on.this.subject","similar.persuasion","particular.sign","astral.fluid","vital.fuid","much.deeper","order.of.the.phenomena","special.function","angel.anael","vital.spirit","right.of.man","true.magic","one.end","recent.fact","grant.to.every.spirit","young.woman","supreme.crisis"
"80","good.work","own.time","elementary.form","competent.observer","more.power","life.of.man","three.thing","two.thing","two.witness","endlessness.nature","firm.conviction","earthly.matter","seventh.day","organised.body","two.step","minute.description","celestial.spirit","human.race","very.manifestation","higher.rank","orbit.of.the.sun","apostle.st","same.name","time.as.a.old.man","five.day","fresh.notions","weak.mortal","spiritual.eye","angel.of.progress","primordial.element","syllable.on.the.subject","school.of.medicine","guilty.person","divine.fire","lofty.intelligence","ingenious.allegory","celestial.happiness","same.idea","intermediate.line","multiple.life","same.room","little.account"
"81","master.of.the.world","letter.of.the.hebrew","veritable.adept","external.impressions","necessity.of.life","very.moment","number.of.spirit","god.disapprove","mount.nebo","new.trial","illusion.of.imagination","perverse.spirit","frightful.dream","magnetic.mode","religious.practice","several.member","religious.belief","principle.of.life","spiritual.soul","sensory.organ","second.number","martyrdom.of.st","enormous.stone","image.of.a.young.man","bad.action","same.reason","same.condition","profound.grief","cross.of.the.saviour","same.foundation","earth.v","ordinary.method","existence.of.a.world","work.of.destruction","true.philosopher","same.profanation","sole.happiness","more.success","great.success","innate.sense","twelve.o.clock","absolute.evil"
"82","antique.initiation","letter.of.the.hebrew.alphabet","seal.of.solomon","slightest.sign","few.year","material.substance","same.category","equality.of.man","eyes.of.the.world","righteous.individual","manifestation.of.intelligence","design.of.providence","cardinal.de","heavenly.body","bad.faith","member.of.the.same.family","same.belief","moral.superiority","moral.cause","entire.being","fundamental.number","spirit.of.wine","whole.power","allegory.of.fortune","angel.v","director.of.the.printing","spirit.of.darkness","one.evening","great.one","species.of.living","great.difficulty","method.of.medical.treatment","worldly.mind","holy.place","matter.of.discussion","female.sex","further.explanation","four.month","higher.spirit","same.body","sheet.of.paper","common.life"
"83","tree.of.life","vertical.column","christian.world","eminent.physician","other.time","single.moment","various.country","thick.husk","modest.somnambulist","heavy.weight","higher.level","magical.word","de.richelieu","several.patient","enjoyment.of.luxury","fresh.particular","superior.state","divine.order","time.period","attribute.of.the.soul","centre.of.the.sun","new.explanation","light.in.the.church","modern.individual","angel.of.light","old.day","accident.of.place","somnambulic.faculty","one.of.this.world","species.of.living.being","several.persons","same.inquiry","prophet.ezekiel","letter._aleph","suitable.subject","first.idea","one.night","will.of.man","full.possession","newborn.baby","same.dress","upper.right"
"84","transcendent.magic","tarot.of.marseille","metallic.transmutation","different.part","many.individual","ardent.love","jewish.prophet","internal.fire","great.soul","evil.temptation","individual.existence","morning.of.the.3d","unfortunate.louis","state.of.the.science","tradition.inform","childish.fear","catholic.minister","different.kind","verbal.communication","physical.law","single.sign","abnormal.projection","very.night","spirit.as.radiant.being","spirit.in.heaven","present.age","celestial.happiness","royal.family","character.of.the.planet","different.answer","work.of.spirit","host.of.authority","human.word","various.form","fit.state","child.of.jacob","body.of.man","same.god","two.part","work.of.regeneration","much.pleasure","three.line"
"85","magical.doctrine","other.card","elixir.of.life","ten.o.clock","right.road","eyes.of.god","original.source","fire.of.the.earth","theological.dispute","true.prophet","degree.of.elevation","X3d.of.april","human.imagination","interesting.case","such.being","blessing.of.god","singular.goodness","receptor.organ","fundamental.principles","saint.augustine","five.time","nob.at.that.spot","voice.of.emotion","radiant.being","real.name","book.in.heaven","painful.position","new.one","primitive.purity","clear.memory","possible.harm","problem.for.the.study","essential.light","many.colour","one.man","perfect.man","state.of.insensibility","vain.attempt","popular.meaning","inner.man","good.spirit","clockwise.from.top"
"86","one.dogma","first.time","central.fire","waking.state","little.importance","face.of.the.earth","matter.of.speculation","poor.sufferer","eminent.man","moral.man","such.spirits","one.carry","good.example","par.le","intervention.of.spirit","transmission.of.thought","name.of.a.person","physical.nature","infuence.on.the.manifestation","prophetic.vision","divine.word","right.point","pure.spirit","being.with.white.wing","several.heaven","latter.reply","little.confidence","second.fact","black.stone","better.condition","much.delight","short.distance","reason.of.be","armorial.bearing","greater.number","god.of.evil","physical.structure","miraculous.cure","class.of.being","blue.flame","part.of.the.country","communication.with.spirit"
"87","saviour.of.the.world","old.age","transcendental.science","curiious.fact","good.one","sick.person","true.justice","sense.arbitrary","little.volume","great.virtue","mask.of.civilization","happy.spirit","own.device","le.magnetisme","sincere.heart","X12th.december","doctrine.of.swedenborg","same.rate","presence.of.spirit","perfect.word","eye.of.the.world","idea.of.the.unity","point.of.attraction","symbol.of.purity","universe.in.miniature","greater.difficulty","spiritual.property","spring.of.water","elixir.of.long.life","great.trouble","kind.of.possession","psychical.principle","thine.eye","christian.century","individuality.of.the.soul","bread.of.intelligence","six.time","blind.person","life.of.eternal.misery","spiritual.instinct","little.child","different.period"
"88","two.pillars","same.way","magnetic.light","natural.state","good.use","same.order","own.conscience","calendar.of.tycho.brahe","collateral.evidence","blind.eye","universal.harmony","curious.reader","three.kingdom","notorious.fact","position.in.the.world","other.side","new.world","moral.progress","social.progress","number.of.initiate","hebrew.kabbalist","act.of.prehension","left.arm","attribute.of.bestiality","three.heaven","great.distance","poetical.image","dear.reader","long.life","much.unhappiness","certain.spirit","magnetic.treatment","son.of.heaven","solid.basis","two.sort","splendour.of.truth","certain.degree","faculty.peculiar","eternal.misery","thin.cloud","twenty.minute","equal.degree"
"89","ceremonial.magic","four.time","one.find","nervous.temperament","course.of.time","explanation.of.the.doctrine","good.will","tycho.brahe","sense.of.smell","liive.creature","merciful.father","X1st.january","act.of.worship","course.of.nature","incarnation","such.description","same.thought","intellectual.progress","natural.phenomena","divine.idea","magical.sciences","whole.volume","seven.month","symbol.of.the.lowest.passion","material.form","much.greater","logical.solution","fifteen.minute","absolute.principles","recollection.of.a.worse.existence","material.organ","epileptic.patient","motion.of.the.sphere","lesser.world","soul.of.man","physical.plane","fit.of.epilepsy","roman.emperor","creation.of.god","soul.of.the.earth","nine.year","saint.martin"
"90","blazing.star","two.principle","kabbalah","own.accord","social.relation","commonly.understood","very.idea","use.of.the.pentagram","different.being","goods.of.the.earth","child.to.eternal.banishment","ancient.costume","other.mean","commissioner.of.the.french.academy","such.condition","kind.of.instruction","extraordinary.phenomena","two.type","intelligent.principle","magical.chain","right.of.life","absence.of.mind","twelve.o.clock","lowest.passion","fifty.leagu","own.room","sensation.in.the.magnetic.world","same.apartment","essence.of.the.thing","worse.existence","hidden.thing","midst.of.a.crowd","eternal.light","letter.of.the.hebrew","harmony.of.nature","fatal.force","english.author","fourteenth.century","false.statement","national.assembly","many.person","last.word"
"91","magical.operation","same.order","real.life","nine.o.clock","different.species","physical.life","period.in.question","perfect.understanding","greatest.caution","unseen.hand","eternal.banishment","old.house","inferior.world","physical.phenomena","belief.in.the.metempsychosis","age.of.seven.year","familiar.spirit","educated.class","right.moment","part.of.the.great.work","magical.figure","same.direction","second.day","symbol.for.actual.personality","lapse.of.a.instant","whole.heart","magnetic.world","bed.side","other.white","condition.as.man","care.of.spirit","materia.medica","eoman.catholicism","oriental.language","vien.na","one.pole","higher.level","mind.of.man","imaginary.being","de.pompadour","influence.of.hallucination","existence.of.a.soul"
"92","sign.of.the.pentagram","divine.revelation","two.body","same.night","length.of.time","only.point","own.relation","direction.of.the.point","unbounded.confidence","X25th.november","action.of.matter","two.pace","four.element","twelve.foot","sense.of.touch","such.existence","certain.part","power.of.the.soul","natural.death","magical.initiation","venomous.magic","least.intention","white.linen","actual.personality","material.proof","such.observation","own.nature","singular.circumstance","temporal.power","stalwart.child","good.guide","unprofessional.reader","soul.of.all.soul","occult.writing","universal.fluid","surface.of.the.earth","social.disorder","human.nature","trial.for.a.longer.period","eugène.vintra","first.thought","same.grave"
"93","human.figure","saint..martin","large.number","mrs..h","higher.order","use.of.a.instrument","same.ignorance","point.of.the.star","safer.guide","frightful.symptom","inert.mass","pace.from.the.trough","lyre.of.orpheus","somnambulist.exhibit","arbitrary.manner","first.step","extraordinary.mode","single.organ","same.level","perfect.adept","name.of.azoth","eighty.year","principle.of.organic.life","allegory.of.time","similar.one","few.apparition","undeniable.fact","pure.curiosity","human.equilibrium","barbarous.name","such.thing","combustible.substance","practical.magician","jacque.de","kind.of.intoxication","absolute.life","nine.day","hand.of.the.operator","opposite.sense","salivary.gland","will.of.god","great.pleasure"
"94","black.god","circular.movement","two.sex","first.time","scientific.knowledge","spirit.communicate","house.of.jacob","real.law","two.physician","power.of.faith","natural.desire","three.cross","own.day","part.of.europe","phantoms.of.superstition","decease.person","two.friend","corresponding.organ","natural.law","other.property","true.adept","other.case","unusual.noise","dominant.character","article.of.furniture","grave.question","present.scene","apparent.state","word.of.faith","fourth.term","two.worlds","psychical.power","nation.of.the.earth","de.molay","many.hundred","triple.cross","knowledge.of.these.mystery","allegorical.expression","animal.instinct","gastric.juice","color.of.the.hair","state.of.mind"
"95","grand.master","exact.sciences","certain.case","quarter.of.a.hour","physical.manifestation","different.degree","first.page","de.mirville","will.of.man","world.of.mind","fgure.of.speech","night.of.the.15th","indispensable.condition","motion.of.the.hand","human.credulity","wife.of.this.gentleman","seven.time","love.of.truth","circumstance.worthy","much.difficulty","same.experiment","infinite.goodness","respectable.citizen","realization.of.the.trinity","fuller.information","belief.in.the.apparition","secret.of.the.life","state.of.absolute.insensibility","analogy.of.contrary","term.of.the.first.series","world.of.spirit","own.body","universal.church","hieroglyphical.meaning","one.moment","elementary.existence","term.of.the.second","movement.of.the.earth","lower.life","several.persons","dead.v","magnetological.society"
"96","cubic.stone","two.point","two.foot","such.thing","spiritual.nature","imperfect.spirit","soul.of.the.world","astral.intoxication","life.of.apollonius","christmas.night","way.of.thinking","lord.god","great.problem","religious.ceremony","physical.manifestation","above.particular","great.strength","alexandrian.school","similar.nature","spirit.of.god","secret.of.love","spiritual.form","method.of.perception","quaternary.to.the.ternary","hundred.time","catholic.faith","opinion.in.this.respect","female.patient","absolute.unity","term.of.transition","such.power","natural.condition","universal.faith","spoliation.of.church","ray.of.light","vivify.fluid","spiritual.world","time.of.creation","own.power","certain.place","tender.age","beneficial.effect"
"97","incarnation","vital.force","greater.number","good.health","physical.being","such.individual","three.world","modern.jew","place.in.england","X1.3th","fgurative.representation","happy.place","divine.world","revelation.from.heaven","detailed.account","six.week","foreign.language","william.postel","soul.of.human.being","hundred.time","absolute.power","large.stone","degree.of.the.ladder","letter.ההה","view.at.distance","respect.to.the.apparition","being.on.earth","iron.tool","shadow.of.death","physical.influence","single.fact","recollection.of.all.the.sensation","five.book","captain.wade","poor.man","force.potential","young.man","day.of.creation","smallest.detail","eighteen.month","baron.dupotet","other.creature"
"98","young.man","origin.of.all.thing","new.revelation","count.de","same.idea","different.order","sacred.ladder","various.manifestation","british.practitioner","two.orphan","errant.spirits","image.of.death","contrary.force","mrespect.chenevix","close.eye","one.father","natural.character","human.head","spiritual.faculty","fit.of.passion","ancient.world","mere.illusion","idea.of.moral.perfection","name.of.3.letter","little.creature","own.home","answer.of.m","triumph.of.mind","new.age","lively.affection","old.friend","waking.man","philosophical.fire","sequence.of.the.figure","remarkable.example","X8th.arcanum","seven.year","X6000.year","rank.spirit","six.day","good.mother","saint..martin"
"99","little.child","greek.mythology","new.world","right.eye","own.interest","great.joy","divine.grace","holy.thing","great.spirit","white.spectre","narrow.range","official.church","tenth.chapter","present.case","profound.lethargy","heaven.upon.earth","second.point","one.truth","spirit.sight","magnetic.sleep","spilling.of.blood","next.morning","angel.of.darkness","X3.letter","advanced.age","lowest.rank","question.of.free.will","highest.intellectual","force.in.nature","such.effect","such.circumstance","several.foot","satan.of.the.parable","major.arcana","great.miracle","X3rd.arcanum","year.of.age","essential.element","prejudice.of.pride","serious.thing","information.on.this.head","positive.evidence"
"100","one.thing","universal.science","solid.body","magnetic.effect","short.period","degree.of.progress","fundamental.dogma","comrade.of.ulyss","immediate.vicinity","front.of.the.house","et.seq","ammonius.sacca","four.ordeal","electrical.influence","certain.man","communication.with.god","good.person","single.dogma","important.role","interior.organ","free.judge","first.step","popular.sense","final.e","state.of.innocence","penalty.of.death","spiritual.part","higher.degree","reason.man","many.passage","spiritual.law","common.occurrence","dangerous.enemy","prime.mover","valentine.greatrak","image.of.the.power","mild.disposition","innermost.envelope","supreme.be","first.visit","first.appearance","faculty.of.medicine"
