"","1_occultism","2_tarot","3_astral_light","Other_1","Other_2","Other_3","Other_4","Other_5","Other_6","Other_7","Other_8","Other_9","Other_10","Other_11","Other_12","Other_13","Other_14","Other_15","Other_16","Other_17","Other_18","Other_19","Other_20","Other_21","Other_22","Other_23","Other_24","Other_25","Other_26","Other_27","Other_28","Other_29","Other_30","Other_31","Other_32","Other_33","Other_34","Other_35","Other_36","Other_37","Other_38","Other_39","Other_40","Other_41","Other_42","Other_43","Other_44","Other_45","Other_46"
"1","kabbalah","tarot","astral.light","unborn.child","great.work","own.part","young.man","tarot","own.part","great.work","same.time","holy.spirit","same.time","dead.person","true.religion","black.magic","two.pillars","three.person","precious.stone","incarnation","golden.fleece","nervous.disease","tree.of.life","one.thing","spirit.of.charity","human.life","son.of.god","tradition","old.serpent","little.finger","tradition","law.of.nature","four.beasts","one.day","plastic.medium","universal.medicine","incarnation","great.work","tradition","magical.rod","word.of.god","holy.spirit","kabbalah","spiritualism","tradition","grand.master","black.magic","first.matter","black.magic"
"2","occult.science","kabbalah","universal.agent","black.magic","philosophical.stone","kabbalah","middle.ag","tradition","madame.de","magical.operation","joan.of.arc","human.body","three.worlds","old.man","form.of.worship","other.hand","point.of.view","whole.world","old.world","spirit.of.charity","elementary.force","such.case","analogy.of.contrary","philosophical.stone","vincent.de","same.time","tree.of.knowledge","jesus.christ","great.work","tradition","first.place","middle.ag","four.star","kingdom.of.heaven","last.word","free.judge","moral.sense","golden.fleece","later.period","idle.word","creative.word","human.soul","sacerdotal.art","magnetic.current","tarot","goat.of.mende","tradition","sacred.number","one.side"
"3","tradition","first.card","nervous.system","order.of.nature","universal.medicine","same.time","human.flesh","eternal.life","history.of.magic","tradition","tradition","one.side","great.arcanum","one.day","single.man","kabbalah","free.will","supreme.reason","tarot","other.word","angel.of.light","entire.world","own.part","good.faith","unity.of.god","law.of.nature","old.book","universal.equilibrium","grand.hierophant","great.deal","three.word","human.mind","same.hour","human.race","great.work","magical.ceremony","last.judgment","violent.death","absolute.affirmation","force.of.nature","other.hand","blazing.star","royal.art","great.man","final.word","own.day","sovereign.pontiff","great.master","great.initiator"
"4","alchemy","minor.arcana","astral.body","impure.spirit","perpetual.motion","first.time","old.temple","universal.equilibrium","middle.ag","occult.power","public.opinion","school.of.alexandria","right.hand","universal.harmony","universal.church","sovereign.pontiff","good.sense","one.god","clavicle.of.solomon","one.day","eternal.thought","single.figure","wise.man","act.of.faith","three.person","tradition","one.side","hugh.de","dead.rise","law.of.nature","elementary.form","human.soul","numerical.value","first.part","fatal.law","one.day","old.age","hermetic.science","hieroglyphic.meaning","divine.name","many.other","idea.of.god","human.being","second.time","universal.reason","other.word","high.priest","transcendent.magic","astral.light"
"5","occultism","major.arcana","same.time","one.blow","supreme.reason","great.number","black.magic","two.paths","one.day","unique.force","great.soul","first.order","fabre.d.olivet","first.series","false.religion","mystery.of.indion","temporal.power","holy.thing","true.adept","religious.dogma","albertus.magnus","transcendental.knowledge","kabbalah","old.man","good.faith","first.cause","same.moment","force.of.nature","philosophical.stone","spirit.of.darkness","same.time","article.of.faith","extraordinary.fact","old.serpent","magical.initiation","one.hand","long.time","human.genius","X78.card","breath.of.life","word.of.truth","dogma.of.herme","magical.work","long.time","human.head","black.magic","transcendental.magic","one.day","other.hand"
"6","astrology","four.letter","magical.agent","black.cat","great.arcanum","three.term","five.day","universal.light","one.word","veritable.adept","natural.force","middle.ag","great.secret","certain.case","great.thing","occult.masonry","whole.life","council.of.trent","young.girl","jesus.christ","great.law","book.of.enoch","same.order","creative.force","direct.communication","public.opinion","tradition","good.faith","black.magic","nine.day","ancient.initiation","moral.force","prophecy.of.ezekiel","sacred.fire","golden.ass","thirteenth.chapter","apparent.death","young.man","school.of.alexandria","spirit.of.light","science.of.nature","precious.stone","great.event","jean.jacque","holy.ghost","key.of.basil","false.gnostic","magical.ritual","own.part"
"7","great.arcanum","point.of.view","second.sight","wild.boar","transmutation.of.metals","magical.work","five.year","king.of.france","hand.of.god","natural.science","practical.magician","two.triangles","supernatural.world","true.initiate","divine.love","right.angles","magic.of.light","holy.spirit","secret.society","kingdom.of.heaven","holy.book","universal.kingdom","first.day","spirit.of.perversity","false.gnostic","great.work","first.time","astral.light","blind.force","great.initiator","present.day","object.of.faith","seven.seal","good.work","ass.of.apuleius","holy.water","five.year","abbe.charvoz","antique.initiation","great.work","spirit.of.christ","one.day","magical.secret","two.child","universal.empire","great.work","jesus.christ","many.century","little.albert"
"8","same.time","kabbalistic.alphabet","occult.medicine","old.woman","magical.arcanum","sacred.book","child.of.israel","three.septenary","middle.age","own.time","spirit.of.truth","material.world","last.century","first.term","human.body","opposite.direction","history.of.magic","philosophical.cross","high.priest","great.kabbalist","great.epic","point.of.view","first.time","professor.of.magic","native.land","secondary.cause","human.head","same.law","black.god","grand.hierophant","four.element","genius.of.evil","whole.edifice","two.child","human.body","one.night","destroyer.of.child","venomous.magic","st.john","such.man","intellectual.world","eternal.wisdom","god.of.light","spilling.of.blood","universal.law","short.time","incarnation","occultism","two.woman"
"9","common.people","book.of.thoth","kabbalah","empire.of.reason","cubic.stone","secret.of.nature","first.step","good.work","twelve.year","one.find","eighteenth.century","black.magic","one.point","kabbalah","second.sight","kabbalistic.sign","maker.of.chronicle","moral.life","saint..germain","life.of.god","magical.doctrine","sacred.symbol","force.of.nature","human.mind","great.light","eternal.law","elementary.spirit","queen.of.heaven","eternal.fire","astral.light","three.letter","incarnation","gate.of.thebe","real.presence","good.faith","second.time","middle.ag","whole.world","human.soul","ancient.mystery","science.of.equilibrium","absolute.reason","whole.earth","law.of.equilibrium","magical.calendar","middle.age","true.religion","human.form","other.side"
"10","st.john","one.hand","other.word","magical.equilibrium","true.magician","perfect.word","black.torch","great.man","perfect.image","white.light","middle.ag","human.figure","transcendental.science","great.arcanum","christian.world","two.crescent","crescent.moon","highest.reason","thirty.year","same.time","human.life","human.being","kingdom.of.heaven","law.of.analogy","image.of.god","few.word","little.while","analogy.of.opposite","three.magi","black.magic","nervous.system","mere.word","sacred.book","word.of.man","mortal.life","sacred.fire","universal.medicine","one.day","absolute.negation","principle.of.motion","school.of.alexandria","elementary.form","seven.planets","civil.war","calendar.of.tycho","cubic.stone","mother.of.god","high.priest","magical.doctrine"
"11","absolute.truth","universal.key","same.way","absolute.liberty","first.matter","point.of.departure","human.face","new.world","first.manifestation","ceremonial.magic","human.face","double.triangle","hieroglyphic.meaning","later.period","man.of.genius","young.girl","middle.finger","universal.revelation","treatise.on.dream","unity.of.god","human.destiny","nun.of.louvier","finite.god","human.passion","order.of.thing","magnetic.current","old.temple","same.thing","three.part","fall.from.heaven","man.of.genius","magical.initiation","terrible.word","word.of.god","common.sense","magical.science","perpetual.motion","universal.analogy","three.time","absolute.reason","two.principles","human.race","seven.colour","french.revolution","virtuous.man","twelve.key","true.adept","absolute.idea","law.of.nature"
"12","true.science","four.figure","vital.light","relative.necessity","eternal.life","movement.of.life","secret.instruction","one.day","several.month","first.time","human.justice","X1.degree","kabbalah","own.blood","absolute.science","such.condition","middle.ag","positive.pole","true.religion","human.wisdom","second.part","other.person","work.of.god","emerald.tablet","hour.of.apollonius","magical.tradition","antique.initiation","empty.chalice","public.opinion","human.voice","secret.doctrine","ancient.magi","four.wind","generative.organ","drunken.man","right.of.life","admirable.symbol","essential.law","human.intelligence","good.work","essential.light","blind.man","twelve.sign","american.spiritualism","supreme.reason","little.child","certain.person","real.life","son.of.man"
"13","temple.of.solomon","great.work","wise.man","power.of.religion","universal.life","seal.of.solomon","human.bone","other.star","eighteenth.century","real.science","last.word","X2.degree","future.event","former.time","conquest.of.science","son.of.god","vital.force","occult.science","fluidic.form","true.religion","last.war","diabolical.obsession","catholic.religion","wand.of.circe","indefinite.progress","hysterical.woman","two.word","same.time","human.life","great.fire","magical.tradition","false.gods","incarnation","four.rivers","instrument.of.precision","magical.element","two.affirmation","true.doctrine","harmoney.of.nature","occult.force","world.of.spirit","young.man","simple.letter","direct.writing","other.man","occult.philosophy","great.hierophant","kabbalah","thing.of.faith"
"14","holy.kabbalah","sacred.word","two.force","name.of.science","sidereal.body","small.number","human.fat","full.moon","three.part","universal.equilibrium","noble.daughter","X3.degree","magical.doctrine","third.day","human.power","violent.blow","name.of.god","human.mind","magical.work","fundamental.dogma","absolute.truth","ursuline.of.loudun","harmony.result","immutable.law","world.of.spirit","eighteenth.century","kabbalistic.book","old.serpent","occult.sciences","physical.life","white.resin","two.term","three.order","cold.breathing","magical.epic","elementary.spirit","key.of.prophecy","spirit.of.evil","four.rivers","cardinal.richelieu","great.magic","kabbalah","wise.man","mysterious.knocking","royal.sceptre","master.in.alchemy","catholic.church","same.reason","moral.disorder"
"15","powder.of.projection","same.way","magical.power","sick.man","same.order","grand.secret","single.word","seven.seal","own.day","human.passion","secret.of.science","supreme.reason","later.period","do.potet","spirit.of.charity","horrible.rite","whole.world","great.work","violent.death","good.sense","four.element","unfortunate.priest","key.of.number","phenomena.of.nature","human.intelligence","second.death","whole.world","great.secret","own.tail","host.of.vintra","last.night","own.shadow","intelligible.world","cold.insufflation","such.time","great.man","great.man","old.priest","sun.of.truth","extreme.unction","magnetic.fluid","branch.of.knowledge","first.time","old.world","book.of.mose","absolute.sign","king.of.king","unhappy.man","great.care"
"16","hermetic.philosophy","hieroglyphic.sign","one.hand","wand.of.mose","same.manner","two.thing","first.place","universal.science","universal.religion","whole.world","right.hand","other.side","winged.dragon","due.course","vincent.de","indian.lingam","first.part","two.force","thousand.time","two.power","exact.proportion","noble.family","earthly.paradise","little.child","image.of.person","human.being","one.day","thousand.time","will.of.man","horizontal.line","own.accord","very.law","same.way","earthly.paradise","universal.philosophy","astral.light","pleasure.of.life","third.term","primitive.church","blind.faith","good.sense","trigram.of.fohi","two.word","indefinite.progress","new.jerusalem","elixir.of.life","name.of.honorius","law.of.creation","certain.sense"
"17","elder.world","universal.science","black.magic","science.of.light","material.life","ceremonial.magic","art.of.divination","great.secret","nervous.system","other.time","symbolical.figure","human.science","hieroglyphic.sign","same.rule","branch.of.acacia","wrong.path","marie.antoinette","first.time","free.judge","spiritual.power","ancient.world","present.year","eternal.destruction","one.substance","certain.soul","universal.life","sin.of.adam","natural.force","most.part","last.time","occult.philosophy","eternal.death","nervous.system","light.of.day","true.science","three.time","frightful.convulsion","william.postel","progressive.initiation","physical.law","absolute.science","three.person","tarot","human.being","great.empire","sovereign.power","true.science","game.of.chess","essential.law"
"18","transcendental.magic","two.letter","elementary.spirit","vapour.of.blood","alchemy","apocalypse.of.st","mysterious.letter","sacred.ladder","discernment.of.spirit","hermetic.philosophy","contagious.malady","horizontal.line","philosophical.mercury","fourth.term","characteristic.of.charity","last.term","other.occupations","blind.fatality","seven.star","temporal.power","genesis.of.light","four.year","upper.right","universal.science","golden.chain","divine.name","fire.from.heaven","human.blood","universal.harmony","magical.science","great.crime","natural.religion","magical.book","middle.point","secret.of.nature","catholic.priest","astral.life","absolute.doctrine","horizontal.diameter","exact.proportion","modern.time","magical.dogma","human.body","true.adept","child.of.god","universal.force","two.triangles","mrespect.home","two.class"
"19","one.dogma","sacred.alphabet","material.body","such.phenomena","same.secret","apollonius.of.tyana","own.land","kabbalistic.book","human.will","pure.gold","old.sanctuary","divine.world","one.end","second.series","eighteenth.century","supreme.reason","name.of.magic","mother.of.god","old.man","oriental.initiation","pure.love","own.part","white.disks","such.person","real.presence","analogy.of.nature","other.voice","own.part","great.prophet","universal.life","magical.power","sole.dogma","great.hierophant","X10.card","magnetic.fluid","young.girl","evil.action","secret.sciences","hand.of.man","great.word","absolute.justice","universal.dogma","black.magic","such.people","child.of.woman","seven.metals","sublime.hope","first.sight","two.man"
"20","two.force","four.colour","universal.analogy","strange.revelation","two.pillars","inflexible.will","one.case","astral.body","very.essence","imperious.voice","point.of.death","light.of.truth","mystical.figure","one.world","universal.philosophy","active.force","right.hand","second.advent","other.world","eternal.mathematics","two.manners","seven.angels","real.power","two.other","many.person","whole.of.nature","lower.point","harmony.result","serpent.of.genesis","maker.of.legend","great.revealer","human.body","curious.treatise","first.page","magical.chain","various.colour","free.spirit","seven.genii","same.time","magical.work","moral.evil","incarnation","religious.dogma","whole.world","new.dogma","gnostic.school","physical.means","sole.end","jesus.christ"
"21","indispensable.condition","oswald.wirth","law.of.equilibrium","secular.arm","tarot","such.case","black.poppy","two.tarot","apostate.priest","many.colour","perfect.man","true.love","infernal.serpent","st.paul","one.truth","one.side","rock.of.sisyphus","great.man","imperial.library","science.of.light","many.year","high.fantasy","tradition","same.manner","word.of.faith","two.thing","animal.into.man","incarnate.word","same.word","first.place","three.principles","idea.of.god","great.bear","entire.head","absolute.independence","lord.command","ridiculous.practice","later.period","great.arcanum","christian.world","pure.spirit","same.reason","man.of.science","material.interest","successor.of.peter","sign.of.recognition","fatal.law","supreme.law","essential.condition"
"22","one.hand","sacred.book","tarot","science.of.divination","absolute.reason","two.point","little.one","fifty.gate","little.time","quantity.of.matter","magical.secret","wheel.of.ezekiel","one.pole","moral.order","one.reason","visible.nature","astrological.operation","individual.life","nocturnal.assemblie","exact.sciences","old.initiation","period.of.year","palmary.question","absolute.confidence","profession.of.faith","law.of.initiation","great.crime","power.of.god","true.name","two.child","three.term","highest.reason","century.of.existence","same.reason","whole.world","star.of.solomon","ocular.witness","own.tail","true.secret","eternal.reason","visible.world","astral.light","dead.body","high.place","four.letter","own.image","man.of.science","very.order","force.of.nature"
"23","point.of.view","three.worlds","own.day","atmospheric.influence","fatal.influence","own.country","true.priest","transcendental.sciences","philosophy.of.history","different.thickness","own.opinion","four.limb","old.manuscript","sidereal.body","single.dogma","manifestation.of.god","good.example","common.reservoir","ancient.tarot","occult.philosophy","blind.obedience","true.catholic","formidable.secret","absolute.law","wild.beasts","sole.dogma","knowledge.of.good","patriarch.of.constantinople","occult.philosophy","human.intelligence","cardinal.point","past.life","ancient.of.day","fluidic.manifestation","first.part","low.voice","own.image","magical.sciences","monstrous.absurdity","fatal.influence","action.of.fire","two.foot","human.genius","great.one","two.force","great.arcanum","human.sacrifice","secret.rite","blind.force"
"24","active.principle","cardinal.point","ether","st..thoma","henry.khunrath","physical.world","such.manner","unfortunate.emperor","great.mystery","two.part","human.body","wheel.of.fortune","middle.ag","true.adept","apocalypse.of.st","grand.hierophant","good.taste","one.religion","eternal.youth","domain.of.intelligence","mystery.of.dogma","man.of.learning","fatal.science","young.man","other.end","universal.law","tree.of.life","several.person","lyre.of.orpheus","absolute.power","four.ordeal","contrary.movement","new.christ","one.time","one.day","guilty.person","history.of.magic","moral.order","tarot","effect.of.bewitchment","tree.of.life","source.of.life","bad.faith","astral.current","being.of.being","work.of.science","human.blood","great.book","highest.reason"
"25","passive.principle","key.of.solomon","universal.life","charge.of.magic","elixir.of.life","seven.seal","good.health","banquet.of.trimalcyon","sacred.vessel","ancient.sage","own.centre","work.of.destruction","secret.of.wealth","same.experiment","other.man","seven.spirit","third.section","few.year","creative.principle","christian.sacerdotalism","X_sepher.yetzirah","three.year","science.of.good","drop.of.blood","universal.revelation","magical.agent","secret.book","later.period","human.heart","sentence.of.death","astral.light","two.sex","vault.of.heaven","same.cause","instrument.of.divination","abominable.practice","certain.sign","prodigal.son","disciple.of.zoroaster","kabbalistic.rabbin","uncreated.light","infinite.love","one.white","serious.man","intellectual.light","occult.masonry","natural.magic","occult.sciences","altar.against.altar"
"26","first.principle","primitive.alphabet","strange.phenomena","great.epoch","human.liberty","occult.science","time.to.time","great.success","royal.table","true.science","same.point","profanation.of.science","three.septenary","real.death","end.of.time","whole.world","ancient.israel","great.serpent","human.mind","single.word","first.empire","later.date","supreme.reason","common.wealth","object.of.faith","three.word","chief.figure","own.day","alexandrian.school","free.man","many.case","man.of.science","barbarous.name","material.body","chance.of.destiny","bloody.sacrifice","harmony.of.form","magical.science","material.element","kabbalistic.meaning","mysterious.language","modern.time","transcendent.science","several.year","great.writer","seal.of.solomon","one.step","essential.condition","thing.of.science"
"27","sacred.word","two.figure","universal.movement","blind.believer","basis.of.faith","old.world","monstrous.birth","rich.man","perfect.accord","force.of.nature","great.criminal","universal.generation","transcendent.magic","such.being","temple.of.unity","terrible.breath","very.name","one.faith","official.church","christian.revelation","people.of.god","high.magic","sixteenth.century","unknown.power","open.sea","contrary.force","deadly.fruit","occult.force","known.world","fresh.air","uninitiated.person","light.of.god","cave.of.trophonius","frightful.plague","contrary.sense","magical.sword","henri.delaage","astral.fluid","other.person","eternal.equilibrium","intelligible.world","inner.side","seven.note","revolutionary.tribunal","revelation.of.god","elementary.world","true.magus","magical.word","magical.work"
"28","key.of.solomon","same.symbol","astral.intoxication","very.moment","philosophical.gold","universal.medicine","same.thing","harmoney.of.nature","own.age","central.point","androgyne.figure","absolute.being","king.of.thebe","calculus.of.probability","direct.ray","certain.point","one.evening","one.law","face.to.face","god.in.man","ancient.greece","X24th.of.february","occult.sciences","doctrine.of.herme","association.of.man","magical.equilibrium","doctrine.of.christ","holy.city","universal.doctrine","butterfly.of.psyche","high.initiation","man.of.intelligence","frightful.dream","small.number","left.hand","three.day","unrecognised.thaumaturgist","other.material","celestial.hierarchy","magical.ceremony","divine.world","two.arm","new.revelation","cup.of.libation","one.hand","magical.preoccupation","lawful.hierarchy","law.of.nature","doctrine.of.analogy"
"29","other.hand","sacred.name","american.medium","tomb.of.hiram","master.in.israel","holy.spirit","terrestrial.mercury","great.prophet","thy.action","initial.chapter","whole.world","X4.degree","terrible.secret","sentence.of.death","permanent.revelation","natural.effect","whole.night","diverse.manifestation","X1.vau","two.word","great.cry","philosophy.of.history","secret.of.nature","own.eye","city.of.initiation","eternal.reason","personal.opinion","apparent.opposition","great.crime","highest.degree","several.day","priestly.art","hair.on.end","work.of.god","religious.form","golden.letter","spirit.of.intelligence","creative.law","human.hierarchy","secret.thought","central.sun","number.of.god","three.dot","same.law","ancient.mystery","human.intelligence","hierarchic.principle","two.sphinx","effort.of.will"
"30","first.place","two.key","polar.bear","normal.man","occult.philosophy","transcendent.kabbalah","false.adept","more.fear","rest.of.mankind","fatal.law","white.garment","principle.of.intelligence","masonic.associations","grand.grimoire","human.faculty","same.law","mental.alienation","other.letter","two.word","sovereign.pontiff","same.period","X354.year","eternal.life","material.world","pure.man","great.criminal","two.serpent","small.number","final.principle","transcendental.magic","few.day","law.of.equilibrium","circular.precinct","shadow.of.death","perfect.adept","secret.tribunal","vigour.of.youth","occult.sanctuary","approximate.consequence","number.of.woman","visible.form","hieroglyphical.sign","holy.cross","orphic.initiation","mother.of.abel","black.god","worker.of.miracle","deadly.sins","heart.of.man"
"31","absolute.science","four.corner","great.secret","heart.of.stone","doctrine.of.herme","first.book","sacred.element","common.sense","good.man","magnetic.chain","close.eye","miraculous.host","divine.word","loud.voice","great.man","lower.part","initial.letter","negative.pole","first.substance","occult.versicle","new.race","state.of.thing","mother.of.god","opposite.direction","true.priesthood","human.passion","sheet.of.paper","magnetic.sleep","relative.value","most.savage","central.fire","holy.image","bear.witness","entire.life","solid.body","holy.vehm","strong.drink","great.prophet","conception.of.god","metallic.transmutation","dogma.of.herme","absolute.being","most.mighty","synthetic.knowledge","other.hold","first.point","sacred.science","mysterious.sign","interior.light"
"32","great.master","italian.tarot","astral.fluid","public.opinion","whole.edifice","human.omnipotence","honorius.iii","little.wine","poor.creature","skilful.magnetiser","such.being","ammonius.sacca","being.of.being","possibility.of.resurrection","grand.master","several.time","oriental.language","daughter.of.god","secret.doctrine","same.way","sound.of.horn","reign.of.michael","three.world","great.man","supreme.power","electric.current","same.result","true.sage","chain.of.analogy","diabolical.signature","natural.secret","same.word","single.personality","life.of.man","word.of.magic","first.order","perverse.man","matter.of.experience","triple.hecate","idle.speech","certain.man","two.roads","infinite.space","martyrdom.of.st","domain.of.idea","secret.society","old.copy","symbolical.summary","magnetic.chain"
"33","ancient.world","transcendental.magic","other.cause","eevolution.of.soul","great.agent","traditional.science","order.of.st","perfect.harmony","free.woman","mantle.of.apollonius","wild.beast","wise.man","transcendent.sciences","materialistic.science","natural.affinity","mystery.of.life","rosy.cross","spirit.into.matter","like.manner","phenomena.of.magnetism","principle.of.life","twenty.year","eternal.name","angel.of.light","daughter.of.cadmus","sudden.death","dear.sir","magnetic.phenomena","fifth.chapter","own.accord","invisible.chain","discoveries.of.science","one.morning","eternal.hope","country.of.enchantment","four.element","corrupt.world","pantacle.of.pythagora","great.mind","creature.of.air","natural.form","third.principle","golden.age","human.knowledge","type.of.cain","two.pillar","physical.deformity","two.property","physical.malady"
"34","absolute.philosophy","X2nd.septenary","magnetic.pass","mystery.of.magic","own.creation","relative.omnipotence","superstitious.people","third.quarter","social.order","lamp.of.trismegistus","ancient.world","great.arcanum","secret.of.magic","fact.of.resurrection","present.stupidity","magic.of.light","seventeenth.century","faithful.believer","certain.circle","two.sex","universal.dissolvant","certain.way","perfection.of.form","angel.of.progress","historical.document","nun.of.louvier","harmoney.of.nature","same.sign","practical.result","young.prince","occult.element","twelve.hour","ten.year","phantom.of.death","mirror.of.dupotet","sign.of.life","rapid.glance","coffer.of.osiris","father.to.son","altar.of.perfume","rural.place","goat.of.mende","grand.hierophant","king.of.france","prodigal.son","reasonable.faith","actual.fact","rational.order","great.criminal"
"35","real.power","kabbalistic.key","first.place","magical.science","work.of.science","third.time","other.furniture","early.stage","great.cry","magical.chain","daughter.of.heaven","first.principle","odd.number","perfect.circle","supreme.intelligence","four.pillar","thing.of.religion","one.dream","universal.analogy","two.kind","divine.ideal","mysterious.hand","degree.of.realisation","great.criminal","sole.word","death.of.charle","grand.grimoire","certain.substance","mortal.sin","deal.of.money","such.creature","ancient.hierophant","thine.existence","breast.of.god","true.initiate","one.side","theosophic.addition","extraordinary.power","whole.series","tripod.of.evocation","amorous.passion","second.time","astrology","true.initiation","human.word","cubic.form","catherine.théot","like.manner","young.woman"
"36","eighteenth.century","thirty.year","nervous.apparatus","abstract.p","creative.word","pantacle.of.ezekiel","good.deal","energetic.protest","miracle.of.nature","great.circle","own.life","inspiration.of.faith","christian.trinity","work.of.darkness","hieroglyphical.sign","cubic.chariot","chief.pillars","essence.of.thing","own.disciple","true.certitude","eternal.book","extraordinary.phenomena","infinite.man","rich.man","vulgar.crowd","law.of.solidarity","ten.time","entire.world","breath.of.god","french.army","kabbalistic.name","monstrous.form","thy.creature","first.parent","little.one","simple.body","same.time","hermetic.magic","shameful.passion","spirit.of.darkness","first.murderer","two.thing","seven.sacrament","noble.heart","generation.to.generation","sacred.septenary","primitive.doctrine","high.initiation","same.result"
"37","single.word","few.word","do.potet","lcal.d","whole.earth","number.of.initiate","supreme.crisis","hieroglyphical.alphabet","magical.prosecution","nervous.organisation","same.truth","ether","magical.figure","fire.of.cypress","open.day","true.kabbalist","saint..germain","three.constitute","golden.candlestick","king.of.nature","thirty.year","noble.girl","maker.of.legend","one.time","frightful.torture","popular.tradition","straight.line","first.man","greek.letter","lightest.breath","magic.of.darkness","guardian.of.unity","sacred.boonks","central.fire","need.of.humanity","two.person","three.part","entire.night","great.attention","simple.divining","supreme.secret","ancient.initiation","precious.stone","very.moment","great.instrument","monstrous.idol","profound.peace","occult.sanctuary","two.nature"
"38","transcendent.kabbalah","two.pillars","first.idea","woi.s","contrary.force","common.idea","mere.curiosity","ten.numbers","bad.priest","young.israelite","word.of.truth","great.number","kabbalistic.sign","seven.time","frightful.reality","race.of.man","same.kind","perfect.number","anterior.form","human.equilibrium","human.mind","six.month","idea.of.divinity","earth.to.heaven","dark.chamber","divine.wisdom","unclean.spirit","exact.science","left.hand","great.lady","master.in.magic","neither.impostor","infallible.church","real.evocation","magnetic.force","same.order","free.will","impious.doctrine","marvellous.cure","evocation.of.spirit","john.hus","immense.erudition","moral.world","saint..martin","edenic.world","entire.nature","physical.plane","very.existence","necessary.consequence"
"39","other.word","four.animal","magnetic.light","thing.g","physical.organ","true.law","little.man","two.path","day.by.day","same.nature","sovereign.power","ordinary.light","name.of.azoth","seven.year","child.of.voltaire","universal.communion","own.conscience","name.of.god","natural.character","human.divinity","jesus.christ","fantasiast.in.magic","word.of.science","philosophical.salt","tomb.of.sylvester","own.experience","immutable.basis","unquenchable.thirst","left.arm","act.of.love","last.year","other.name","magician.king","own.person","great.thing","full.power","magical.allegory","unworthy.love","monument.of.science","nocturnal.feast","only.son","plain.strewn","magnetic.influence","long.beard","own.power","magical.idea","black.book","analogy.of.contrary","moral.nature"
"40","force.of.nature","first.letter","magical.arcanum","demon.of.ghost","must.contribute","vulgar.mind","small.matter","path.of.wisdom","holy.land","various.colour","right.foot","sacred.number","bond.of.sympathy","human.conception","great.scandal","mortal.body","catherine.théot","final.triumph","three.degree","hideous.spectre","magic.in.history","theosophic.reduction","absolute.unity","very.act","other.god","many.century","prince.of.perdition","supreme.absurdity","ancient.theogony","human.hand","nineteenth.century","public.worship","public.evidence","blood.of.earth","primitive.revelation","upper.region","sacred.book","whole.history","secret.associations","supreme.wisdom","act.of.faith","one.hand","harmoney.of.nature","spoliation.of.church","thousand.time","whole.life","apocryphal.constitution","wild.beasts","umbilical.cord"
"41","law.of.nature","active.principle","two.pillars","ghost.of.earth","positive.science","last.day","seventh.page","bull.of.apis","other.problem","secret.of.love","second.temple","seventh.day","will.of.man","fatal.consequence","indivisible.voice","same.thing","eugène.vintra","universal.religion","serious.part","spectre.of.satan","innumerable.legend","seven.genii","one.person","imminent.danger","church.of.palma","law.of.equilibrium","female.sex","transcendental.magic","fatal.attraction","wicked.man","proper.form","academy.of.sciences","distinguished.scholar","rivers.of.life","fluidic.soul","strange.form","great.power","future.reign","entire.race","means.of.knowledge","symbol.of.light","first.notion","master.of.cornelius","automatic.writing","true.believer","occult.associations","constitution.of.honorius","many.year","other.white"
"42","good.faith","first.principle","great.number","ministere.unto","natural.law","other.hand","christian.word","hieroglyphic.form","infernal.chapel","very.essence","natural.gift","seven.planet","wickedness.of.man","own.country","first.sound","X_litle.albert","little.intelligence","elementary.form","oriental.mythology","name.of.science","different.form","urban.grandier","profession.of.faith","first.form","secret.correspondence","law.of.attraction","primitive.civilisation","name.of.kabbalah","comrade.of.ulyss","knowledge.of.man","lucid.somnambulism","realm.of.faith","whole.importance","immortality.by.sacrifice","human.personality","present.moment","human.soul","land.to.land","negative.pole","early.christians","reciprocal.influence","very.idea","angel.of.mar","many.people","act.of.faith","entire.world","science.of.egypt","cyclic.number","intellectual.life"
"43","old.age","two.line","two.person","unto.by.le","mirror.of.god","one.foot","landscape.of.salvator","child.of.israel","frightful.spectacle","final.consequence","great.name","natural.world","present.time","mystery.of.birth","physiological.fact","doctrine.of.antichrist","exact.precision","latent.light","one.case","own.part","doctrine.of.orpheus","heavenly.zenith","weak.eye","source.of.light","american.home","kabbalistic.allegory","invisible.hand","same.idea","such.operation","seigneur.of.retz","excessive.passion","proper.sense","unique.text","same.force","practice.of.reason","magical.vestment","urban.grandier","aureole.of.glory","great.series","good.samaritan","practical.truth","dead.people","angel.of.mercury","mysterious.influence","own.use","other.nation","serious.study","creative.power","own.dream"
"44","secret.doctrine","human.will","phenomena.of.magnetism","soul..s","scientific.fact","three.o.clock","troublead.wilderness","life.of.intelligence","black.mass","universal.magnesia","book.on.magic","seven.planetary","better.success","same.effect","other.mode","darksome.evocation","bad.catholic","secret.thought","use.of.liberty","whole.intent","mysterious.poetry","infinite.height","scale.of.analogy","law.of.reason","state.of.exhaustion","gracious.countenance","prince.of.heaven","diabolical.miraacle","human.shape","two.o.clock","göetic.magic","noble.heart","initial.character","warm.breathing","strange.sympathy","crown.of.vervain","christian.revelation","imaginary.disease","theological.school","bad.conscience","inferior.world","metallic.work","religious.form","eternal.basis","absolute.equality","rule.of.life","secret.book","final.secret","inconceivable.mystery"
"45","very.essence","latin.word","human.reason","pregnant.woman","long.run","middle.age","little.star","virtue.to.virtue","fifty.year","own.experience","hot.iron","will.of.other","own.effort","second.birth","three.companion","mortal.blow","right.in.row","universal.synthesis","true.initiate","catholic.church","poetry.of.greece","symbol.of.solomon","star.of.solomon","st.thomas","most.radiant","human.form","air.with.phantoms","deep.place","special.treatise","black.cock","next.day","eternal.order","devout.spirit","queen.of.heaven","fatal.reaction","human.figure","infinite.height","fantastic.remedy","revolutionary.spirit","ace.of.denier","philosophical.fire","absolute.principles","single.blow","conjugal.faith","five.book","possessed.woman","divine.power","equilibrium.of.thing","ecstatic.state"
"46","middle.age","great.arcana","universal.fluid","highest.virtue","somnambulistic.intuition","chain.of.earth","slow.flight","roman.church","poor.priest","several.year","material.fire","magical.serpent","very.fact","exact.number","third.assassin","final.revelation","unfrocked.priest","right.hand","hebrew.signify","universal.communion","sanctuary.of.egypt","resplendent.star","magical.legend","new.age","alchemy","furious.madness","same.dream","current.of.enthusiasm","first.rank","absolute.evil","other.explanation","religious.plane","precise.explanation","genius.of.desire","religious.passion","one.voice","infinite.multitude","formal.denial","new.hierarchy","ace.of.sword","great.mystery","alliance.of.reason","long.needle","life.of.other","more.temple","first.result","two.force","goetic.magic","consecration.of.talisman"
"47","kabbalistic.doctrine","second.card","fire.of.hell","malignity.of.observer","black.stone","secret.society","great.bird","light.of.reason","eighteen.month","early.century","own.confession","remarkable.manner","many.thing","sous.piece","great.multitude","fair.hair","second.ternary","same.path","catholic.religion","little.pain","abundant.wealth","grand.pantacle","magnetic.power","reality.of.life","great.crime","law.of.motion","god.of.evil","secret.force","two.head","poor.folk","general.ventura","need.of.religion","alliance.of.christianity","genius.of.discord","one.wish","unhappy.man","name.of.god","wooden.leg","large.circle","ace.of.cup","presence.of.faith","thine.eye","new.moon","urban.grandier","religious.symbolism","pure.mathematics","supreme.being","marriage.of.contrary","full.expression"
"48","ancient.tradition","vertical.column","man.of.genius","equivocal.resemblances","true.salt","such.circumstance","strange.oracle","hieroglyphical.book","great.danger","secret.of.science","dangerous.enemy","magical.square","true.sense","last.step","particular.sign","late.chevalier","constituent.term","one.step","universal.spirit","proper.risk","two.extremity","complete.abridgment","creative.intelligence","key.of.life","revolution.of.soul","unknown.person","universal.concord","such.force","sword.of.justice","one.occasion","own.fashion","civil.authority","reconciliation.of.science","virtue.of.plant","great.revolution","loud.voice","two.corresponding","marvellous.paracelsus","upper.serpent","two.live","forcible.expression","first.angel","great.arcana","four.word","supreme.moment","bride.of.god","end.of.time","two.term","magical.character"
"49","kabbalistic.tradition","tarot.of.marseille","other.hand","same.physiognomy","analogy.of.nature","one.voice","funereal.trumpet","X_y..kim","greater.number","current.of.idea","true.name","heavenly.mother","occult.name","twelve.person","supreme.truth","healthy.person","jesus.christ","great.mystery","naked.child","catholic.dogma","blood.of.victim","magnetic.fluid","labour.of.hercule","terrible.force","great.word","first.appearance","ecclesiastical.superior","eleventh.century","primitive.logo","primitive.civilization","synthetic.unity","moral.authority","magical.allegory","law.of.life","man.of.savage","altar.of.perfume","affirmation.as.word","heroe.of.rabelais","bet.shin.vau.shin.nunfinal.heh","act.of.justice","anarchic.doctrine","incarnation.of.god","fire.from.heaven","condition.of.success","standard.of.france","work.of.man","triadic.dogma","modern.society","sign.of.light"
"50","transcendental.kabbalah","other.card","fluidic.body","generation.to.generation","metallic.transmutation","single.point","tumultuous.throng","eighteen.century","front.rank","greatest.master","battle.of.life","double.crescent","sepher.jetzirah","strong.man","duc.de","infinite.reason","new.form","universal.knowledge","white.horse","rational.basis","allegorical.work","occult.book","work.of.nature","kabbalistic.number","same.reason","same.root","mysterious.character","full.light","science.of.truth","interesting.work","supreme.law","only.one","partial.translation","problem.of.evil","triple.in.substance","large.number","affirmation.as.realisation","vulgar.persist","shushan.castle","red.stone","vast.sea","new.king","holy.scripture","series.of.communication","universal.unity","fruitful.principle","word.with.flesh","same.source","school.of.voltaire"
"51","true.god","X4.colour","natural.law","kabbalistic.usage","world.of.form","greatest.secret","vacant.throne","great.city","phantom.of.god","equal.length","great.king","sacr.fire","hierarchic.order","term.of.transition","hideous.contortion","different.value","feminine.charms","true.key","scientific.importance","decision.of.faith","mysterious.origin","occult.law","day.of.man","simple.woman","visible.form","phantoms.of.imagination","thousand.year","false.adept","spirit.of.death","thousand.pound","principal.book","man.of.duty","ingenious.fable","king.of.hell","double.magnetization","golden.verse","same.letter","potent.sorcerer","act.of.prehension","aspiration.of.faith","holy.mystery","unity.of.force","inferior.world","common.produce","perpetuity.of.life","principle.of.nature","image.for.child","work.in.question","ordeal.of.initiation"
"52","ring.of.solomon","astrology","magnetic.influence","characteristic.of.nero","ancient.magi","many.century","upright.position","piece.of.bread","innate.creation","three.degree","spirit.of.error","good.reason","allegorical.history","second.term","mysterious.voice","first.septenary","pleasure.of.love","key.of.symbolism","remarkable.work","whole.doctrine","tree.of.cytheron","nervous.mechanism","respect.of.man","magnetic.circle","captive.spirit","three.month","rectangle.of.width","supreme.royalty","monstrous.conception","different.path","knowledge.to.power","much.evil","fabulous.history","day.of.creation","considerable.distance","doctrine.of.zoroaster","last.reflection","further.thought","productive.seed","knowledge.of.reality","common.mother","ray.of.light","five.year","magical.force","such.word","tower.of.babel","exalt.philosophy","vital.fluid","natural.order"
"53","principle.of.reason","occultist","nervous.organism","alternation.of.mania","hermetic.philosopher","faithful.person","occult.medicines","three.throne","permanent.stability","two.worlds","poor.child","good.friday","heaven.to.earth","transcendental.faculty","sister.of.charity","inferior.force","love.of.pleasure","remarkable.work","public.order","spirit.of.science","granite.pedestal","extra.natural.tension","eternal.mathematics","star.of.solomon","one.god","need.of.man","four.part","dominant.character","false.lucifer","jesus.christ","ordeal.of.courage","present.day","dread.synthesis","number.of.man","habitual.hallucination","four.nail","imperfect.mirage","second.part","seven.card","consciousness.of.truth","universal.belief","sign.of.solomon","own.invention","struggle.with.fatality","apostle.st","man.of.part","sweet.consolation","X_golden.ass","peter.of.apono"
"54","occult.philosophy","same.time","first.part","demoniacal.possession","chemical.operation","same.hour","faithful.bondsman","three.prophet","first.third","magnetic.experiment","physical.result","holy.bishop","mysterious.pentagram","middle.ag","name.of.religion","force.of.inertia","greatest.injury","great.abyss","universal.orthodoxy","spirit.of.force","dualism.of.zoroaster","generative.principle","brute.force","universal.faith","complete.liberty","real.body","one.eye","X4.letter","origin.of.evil","magical.arcanum","name.of.jesuit","holy.kingdom","infinite.fable","admirable.synthesis","same.circle","inner.circle","mirage.of.light","hebrew.kabbalist","sacred.boonks","partial.manifestation","aid.of.electricity","genius.of.science","bold.outline","youthful.pharisee","palace.of.sardanapalus","feast.of.belshazzar","six.point","trivial.form","apostate.priest"
"55","disciple.of.herme","sixteenth.century","mystery.of.nature","similar.soul","beautiful.allegory","service.of.imagination","unbaptised.child","kabbalistic.word","antique.initiation","large.number","holy.name","real.crime","intellectual.omnipotence","ancient.sage","nor.intrigue","force.of.disintegration","cowardly.person","one.worship","human.victim","divinity.of.jesus","triad.of.pythagora","menstruations.of.woman","three.seed","secret.motive","creative.law","frightful.dream","own.house","X3.letter","serpent.of.krono","eternal.reason","intelligent.chief","four.time","seven.gate","liberty.to.man","law.of.synthesis","many.torture","light.in.shadow","little.world","prophecy.of.ezekiel","splendour.of.truth","comte.de","science.of.magic","new.birth","aggressive.line","beauty.of.woman","own.likeness","tradition.of.st","jean.de","moral.equilibrium"
"56","work.of.herme","human.life","one.foot","kabbalistic.term","two.number","influence.upon.spirit","golden.knife","eldest.son","same.light","figurative.expression","most.sublime","present.place","astronomical.cross","infinite.circle","earnest.mind","human.organization","dignity.in.order","one.be","divine.justice","possible.medium","reason.of.allegory","hydra.of.lerne","penitence.of.adam","real.existence","rabbinical.compilation","three.decani","tomb.of.st","final.e","lust.of.death","human.will","little.world","series.of.initiation","seven.chiefs","original.substance","whole.assembly","own.heart","affirmation.of.unity","magical.dogma","entire.doctrine","day.of.judgment","power.of.attraction","blind.faith","event.of.life","line.of.christianity","child.of.cain","absolute.authority","effect.of.animal","organised.body","magical.mirror"
"57","seven.genii","shield.of.achille","common.reservoir","succinct.analysis","old.hebrew","occultism","horrible.love","universal.agent","effusion.of.blood","hermetic.arcanum","holy.woman","full.length","new.cultus","weapon.of.warfare","second.time","other.player","instinct.of.nature","human.thought","natural.manner","rigorous.consequence","king.of.thebe","very.blood","opposing.force","one.blow","singular.parable","ten.day","right.point","such.time","astral.perversion","new.world","vague.thought","contrary.affirmation","same.significance","yod.in.germ","murderer.of.hypatia","right.of.man","vicious.circle","incarnation","hieratic.character","disciple.of.herme","comte.d.ourch","own.domain","kabbalistic.symbolism","contemporary.fact","egyptian.sanctuary","freemasonry.of.scotland","automatic.centre","presence.of.mind","presumptuous.ignorance"
"58","reason.with.faith","active.force","transcendental.magic","rite.from.curiosity","whole.secret","urbain.grandier","bacchanalian.orgie","four.foot","two.condition","magical.law","armed.missionary","monument.of.egypt","fall.from.heaven","second.death","divine.word","same.way","presence.of.danger","universal.principle","elixir.of.immortality","good.priest","insufficient.clearness","fanatical.imitation","single.tree","true.light","rabbinical.author","law.of.israel","left.point","universal.creation","figure.of.speech","musical.instrument","god.of.mende","invisible.world","symbol.of.mose","grain.of.wheat","christian.veil","right.side","squared.unity","doctrinal.part","postel.names","sword.of.fire","spiritualist","true.zoroaster","other.black","sect.of.enthusiast","fourteen.compartment","kabbalah","dead.light","good.genius","battle.of.life"
"59","few.word","universal.law","magnetic.agent","higher.force","secret.of.herme","great.obscurity","symbol.of.wisdom","secret.of.nature","direct.ratio","three.head","black.veil","plastic.substance","symbolical.image","right.of.life","great.initiator","strict.proportion","seek.flight","double.life","reign.in.question","special.office","imperfect.clairvoyance","interior.communication","first.triad","private.life","lonely.house","penalty.of.death","absolute.life","two.principles","dance.of.death","conventual.seminary","moral.dignity","magical.life","alarming.prophecy","X3.card","veil.with.ammonius","universal.soul","quadrangular.base","intoxicating.substance","ancient.egyptian","human.soul","first.hour","divine.person","own.reflection","circle.of.relation","seven.compartment","perpetual.motion","personal.atmosphere","plastic.medium","mathematical.science"
"60","four.word","open.book","soul.of.man","occult.magnetism","eternal.death","passive.obedience","stain.like.blood","grace.in.heaven","ratio.of.resistance","public.exercise","hieroglyphic.meaning","virtuous.woman","kabbalistic.figure","human.will","human.soul","divine.sign","last.trophy","own.light","anonymous.author","opinion.of.christians","hostile.brethren","tragical.affair","vehicle.of.light","figurative.language","lean.gosling","wrath.of.god","X3rd.arcanum","moral.superiority","rosy.cross","certain.pupil","universal.presentience","heal.disease","blind.emancipation","fourth.deal","pseudonymous.author","profound.sleep","unity.of.construction","nervous.sensibility","biblical.absurdity","tarot","plastic.mediator","creative.action","unity.of.being","spiritual.nation","unknown.philosopher","two.triangles","atmosphere.of.swedenborg","edgar.poe","religious.dispute"
"61","blazing.star","seal.of.solomon","free.will","cask.of.gunpowder","universal.soul","second.day","obscene.talk","work.on.earth","atrocious.character","history.of.magic","goose.game","love.of.country","symbolical.animal","first.place","sovereign.pontiff","conception.of.science","exalted.hope","white.hair","very.genius","domain.of.enigma","weak.notion","blind.execution","dry.wood","such.manner","beautiful.dream","secret.tribunal","ominous.word","primeval.sage","whole.universe","circle.of.man","collective.life","drive.death","reason.without.science","ideal.royalty","garb.of.superstition","own.authority","natural.tetrad","astral.representation","satirical.power","struggles.with.inertia","series.of.test","perfect.cycle","creative.agent","lamentable.action","unworthy.priest","f.with.hich","invisible.molecule","mysterious.writing","new.light"
"62","great.word","pack.of.card","divine.power","terrible.explosion","ancient.alchemist","celestial.mother","fond.caress","grace.of.god","administration.of.sacrament","power.of.nature","human.life","absolute.principle","hermetic.magic","same.man","religious.man","two.line","undivided.consent","natural.religion","earliest.age","open.war","primeval.sublimity","true.judge","strange.figure","false.notion","whole.gosling","terrible.penalty","rod.of.circe","first.of.cause","attraction.of.death","individual.speedily","secondary.cause","very.member","symbol.of.symbol","elohim.of.israel","unintelligible.language","human.knowledge","very.manifestation","same.means","power.of.voltaire","great.enigma","solar.system","perpetual.movement","natural.analogy","magical.current","field.of.night","most.minute","circle.of.attraction","mutual.assistance","child.of.liberty"
"63","fundamental.principle","hebrew.letter","new.form","perfect.equilibrium","universal.magnet","kabbalistic.dogma","whole.assembly","many.act","sacrament.to.reptiles","such.term","terrible.word","sacred.monument","young.boy","singular.attraction","principle.of.number","direct.proportion","austerity.of.stoicism","imponderable.fluid","hierarchic.constitution","realm.of.magic","french.critic","pontius.pilate","one.moment","deep.peace","own.share","outer.darkness","universal.cry","winter.with.spring","mystical.allegory","bewitchment.by.means","good.work","imaginary.unity","eternal.enigma","sanctuary.of.memphis","hieroglyphic.writing","spirit.of.wine","unwinding.wind","contrary.course","memorial.of.tradition","head.in.order","fertile.power","old.wife","dream.of.prometheus","current.of.table","body.of.god","kabbalistic.woman","impure.spirit","honest.woman","angel.of.liberty"
"64","mystery.of.magic","two.other","domain.of.magic","first.condition","physical.life","sacred.thing","infernal.dance","nine.heaven","permanent.perversion","mysterious.book","occult.sciences","kabbalistic.character","length.of.day","attraction.towards.death","affirmation.of.being","absolute.movement","parade.of.freedom","act.of.religion","hero.of.plutarch","inherent.cause","divine.word","libertine.curd","X150.000.franc","universal.dissolvent","st.peter","physical.love","whole.assembly","age.with.youth","ancient.doctrine","means.of.current","secret.virtue","name.of.philip","silent.monster","sister.of.eve","entire.doctrine","two.friend","extreme.accuracy","dangerous.application","elementary.work","moral.weakness","four.foot","new.life","temple.of.diana","unrecognised.geniuse","instrument.of.thought","fine.wool","ceremonial.operation","law.of.evolution","number.of.force"
"65","occult.tradition","name.of.jehovah","destiny.of.man","condition.of.success","true.elixir","X_divine.comedy","legendary.monster","earth.communicate","hideous.phantom","various.form","worldly.prejudice","western.side","complete.revelation","suicidal.tendency","dogma.in.magic","kabbalistical.conclusion","vicissitude.of.life","spirit.of.intelligence","ultimate.celebrity","hieratic.ambassador","uncreated.light","du.marchd","word.in.white","absolute.sense","vicar.of.god","true.faith","execution.of.jacque","life.with.death","ruin.of.nineveh","outward.demonstration","three.dogma","philip.theophrastus.bombast","invariable.form","antique.box","whole.sequence","white.linen","perpetual.consequence","application.of.magic","traditional.philosophy","ass.of.sterne","active.principle","fundamental.law","generous.character","eccentric.man","raymond.lulle","semi.circular.fashion","operation.with.intent","three.part","intelligent.man"
"66","seven.spirit","same.law","law.of.nature","operations.of.science","limb.of.wax","new.application","phantoms.of.nightmare","first.heaven","cultus.of.darkness","powerful.action","new.truth","inner.rim","art.of.fascination","nervous.repugnance","immensity.equals","fourfold.prophecy","truly.liive","different.combination","blossoming.almond","church.of.swedenborg","occult.versicle","martyr.of.christ","three.line","eternal.truth","mystery.of.necromancy","early.year","breth.in.martyrdom","first.cause","egyptian.sphinx","outward.thing","three.hierarchy","aureolus.paracelsus","universal.mystery","symbol.of.time","absence.of.epic","fortieth.day","reign.of.antichrist","longer.pyre","unknown.bible","presentience.of.immortality","supreme.be","two.woman","form.of.nature","circular.action","transcendent.magic","certain.rite","diabolical.mass","accusation.of.insanity","spiritual.sense"
"67","age.to.age","human.form","two.pole","occult.chemistry","great.adept","lawful.authority","enormous.toad","accusing.word","height.of.paroxysm","incomplete.life","greater.source","vertical.line","sacred.vessel","sufficient.difference","horn.of.isis","universal.religion","pupil.by.silence","abnormal.projection","celestial.army","philosophic.reign","mystery.of.nature","process.of.gaufridi","clockwise.from.top","sanctuary.of.nature","light.of.glory","diable.amoureux","adore.baphomet","contrary.principles","marvellous.painting","human.progress","distinct.class","further.epithet","emblematic.term","ancient.day","magical.sense","warm.bath","christian.prophecy","pyre.for.sorcerer","same.ignorance","appetite.for.life","trench.of.shadow","automatic.movement","physical.love","action.of.initiative","elementary.work","great.use","other.monstrosity","comprehensive.manner","material.sense"
"68","ancient.mythology","four.sign","physical.soul","primeval.mystery","other.life","X_golden.legend","scarabaei.mingle","circle.to.circle","universal.harmony","white.worm","source.of.disquietude","sign.of.antagonism","mystery.of.eleusis","net.result","sovereign.lady","precious.stone","candidate.in.egypt","various.degree","X1.daleth","profession.of.christianity","vital.light","palud.possess","possible.conception","poor.man","three.class","human.ignorance","shameful.salutation","other.evil","inspired.page","pythian.apollo","natural.rank","epithet.of.divine","four.foot","other.overcome","sense.of.dante","three.hour","first.advent","number.of.initiation","language.of.sceptic","vain.parade","creative.desire","jewish.kabbalist","heavenly.body","veritable.assumption","old.conception","use.in.magic","reality.of.goetia","universal.agent","two.personage"
"69","kabbalistic.jew","female.pope","certain.number","necessity.of.evil","paradoxical.solution","fifty.year","giddy.circle","star.to.star","calculation.by.means","four.day","naked.truth","three.sign","divine.thing","additional.evocation","foundation.of.magic","blazing.pentagram","brahman.in.indion","corporeal.life","own.health","roman.chivalry","complete.initiation","own.accuser","old.world","physiological.fact","class.of.soul","eternal.principles","earlier.origin","disciple.of.mane","strange.emblem","great.mission","three.series","great.number","ultimate.reason","dagger.of.psyche","thing.of.science","general.ventura","great.apostasy","magical.operation","philosophical.genius","imperishable.life","ideal.jod","physical.force","moral.quality","opposite.sense","supreme.being","conveyance.of.sorcerer","combination.of.sacrilege","phenomena.of.day","human.bone"
"70","natural.force","solar.cross","occult.force","power.of.demon","advanced.work","four.property","peal.of.laughter","magnetic.fluid","corresponds.to.successe","armorial.bearing","elect.few","upper.point","same.thing","kabbalistic.secret","two.witness","a.man","maceration.of.asceticism","progressive.synthesis","key.of.immortality","gracious.image","very.essence","beautiful.girl","secret.instruction","comte.de","daughter.of.adam","embryonic.life","tribunal.of.pope","singular.wisdom","book.of.alchemy","power.of.king","progress.of.spirit","visible.light","final.message","apple.of.eve","flower.of.mankind","ten.month","universal.death","hermetic.operation","opaque.stone","kind.of.self","father.of.cain","genius.of.france","upper.bar","great.action","god.of.st","kindred.act","incarnation.of.death","one.extremity","great.agent"
"71","astral.influence","chinese.tarot","good.sense","electric.current","common.life","reliable.calculation","own.bed","heart.of.man","attendent.suffering","henri.iii","firm.conviction","multiple.unity","first.step","short.space","prophetic.tradition","graven.stone","lapse.of.time","primeval.character","king.of.thebe","academical.taste","uninitiated.person","greatest.detail","universal.science","modern.chemist","daughter.of.angel","dead.sea","magical.allegory","supreme.excellence","ceremony.at.reception","pontifical.key","christian.kabbalist","irresistible.current","whole.import","fire.of.prometheus","great.man","black.drapery","social.horizon","first.article","apostolical.traditions","austerity.of.fakir","inspiration.of.woman","absolute.synthesis","two.preceding","equal.magnitude","prindpio.erat","seventh.day","persistent.creation","universal.success","great.book"
"72","science.of.nature","four.point","intelligence.of.man","aerial.body","sepher.yetzirah","second.sector","grotto.of.triphonius","last.day","X1825.family","three.force","complete.possession","king.of.cup","important.question","space.of.time","name.of.elias","gnostic.epoch","path.of.light","singular.preservation","present.day","period.of.cato","cure.of.disease","false.mysticism","occult.knowledge","good.family","daughter.of.sin","four.season","shield.of.achille","amendment.of.evil","mysterious.society","roman.policy","supreme.circle","moment.of.conception","titanic.epic","sceptre.of.lucifer","other.solve","lower.hemisphere","two.cross","power.of.thing","decline.of.faith","leader.of.conscience","lawful.marriage","more.time","apuleius.commentate","phenomenal.success","certain.contradiction","two.sex","creation.of.hell","method.of.mesmer","famous.lever"
"73","other.secret","primitive.sign","law.of.analogy","same.personage","physical.world","kabbalistic.key","wholesome.dread","absolute.science","fatal.path","brutal.instinct","possession.of.truth","third.sector","unique.verb","law.of.society","man.of.faith","name.of.abraxa","door.of.solomon","possible.conception","experimental.philosophy","st.paul","gnostic.gospel","marquis.of.say","real.magic","english.officer","three.kind","thirty.year","gracious.fictions","slow.dissolvent","intellectual.force","glorious.assumption","primitive.adam","first.envelope","many.allegory","present.day","independence.for.thought","upper.hemisphere","second.sight","strong.power","house.of.jacob","sign.of.life","revolutionary.energy","high.altar","gods.of.apuleius","foreknowledge.of.reaction","philosophical.imperfection","holy.city","certain.people","object.of.adoration","human.unity"
"74","passive.force","X4th.arcanum","light.by.means","astral.current","inner.self","secret.sciences","respectful.distance","particular.sciences","precision.of.cardan","perpetual.imprisonment","first.privilege","power.of.fecundity","root.of.life","curiious.opinion","phoenician.as.cadmus","talisman.of.paracelsus","human.science","finest.thing","first.principle","new.apocalypse","profit.of.lucifer","evil.magic","popular.exaggeration","sole.object","kind.of.spirit","house.of.jacob","fictions.of.homer","instrument.of.heat","absolute.queen","fresh.appeal","supreme.mystery","subtle.fluid","hieratic.sense","large.hat","perfect.continence","concentric.circle","black.magic","penetrate.all","crucified.jew","elementary.spirit","gentleness.of.order","new.man","box.of.pandora","genius.of.christianity","simple.foundation","one.god","dear.sir","hieroglyphic.writing","fundamental.grounds"
"75","golden.calf","X1st.septenary","impure.reflection","many.other","mouth.of.man","certain.thing","same.ignorance","fifty.chapter","climacteric.year","liberty.of.thought","privilege.of.divinity","doctrine.of.herme","potential.manifestation","certain.kabbalist","same.statement","ecclesiastical.costume","three.kind","study.of.magic","dogma.of.herme","being.of.mose","conscious.truth","human.liberty","religious.tradition","last.point","free.spirit","revolution.of.soul","popular.memory","occult.physic","queen.of.society","eastern.magi","mystery.of.magic","philosophy.of.intuition","greek.poet","chief.symbol","amidst.torture","great.power","visitation.of.nadab","personal.skill","universal.charity","apollonius.of.tyana","universal.charity","existence.of.god","elementary.work","christian.self","first.axiom","absolute.independence","same.ground","writing.of.eeuchlin","own.crime"
"76","moral.regeneration","X1st.arcanum","terrible.power","long.life","organ.of.speech","great.epic","certain.man","gate.among.oriental","calamitous.year","analogical.method","possession.of.science","period.of.fiery","X4.knave","majority.of.person","resurrection.of.st","magical.triangle","magnetic.phenomena","earnest.mind","idea.of.nothingness","man.of.descarte","light.of.mind","boldest.student","terrestrial.paradise","one.belief","love.of.woman","light.in.spite","abstract.truth","negative.principles","education.of.priest","single.point","first.problem","long.time","clairvoyance","instrument.of.science","own.satisfaction","true.science","outraged.conviction","gold.thing","undiscerning.disciple","power.over.spirit","prodigal.son","new.civilization","heaven.suffereth","general.disillusion","activity.of.cain","phenomena.of.table","melancholy.theories","collection.of.pistorius","divine.inasmuch"
"77","eternal.truth","few.page","sidereal.body","own.life","sublunar.world","seven.head","certain.p","kabbalah.into.bereschit","exact.analysis","different.organ","devoid.of.knowledge","unwilling.profession","X7th.arcanum","number.of.other","age.of.ignorance","flower.of.light","old.queen","denial.in.advance","succession.of.form","groundwork.of.speech","name.of.lucifer","skilful.astrologer","radical.connection","mortal.enemy","demon.of.debauch","three.sense","primeval.revelation","ray.of.truth","wonderful.tradition","scarlet.with.terror","own.libert","sympathy.of.thing","illustrious.scholar","exact.proportion","transcendental.sciences","field.of.battle","ursuline.of.londun","choir.of.philosopher","end.of.time","X8.and","reason.of.humanity","old.guard","door.of.truth","coarsest.interest","sweet.inspiration","ancient.philosopher","theories.of.crime","kabbalistic.pneumatic","reason.of.humanity"
"78","secret.tradition","X4.letter","magical.operation","spring.before.daybreak","universal.science","absolute.in.religion","many.degree","universal.genesis","magical.scale","intellectual.activity","generator.of.society","veritable.sense","inverse.sense","incurable.madness","key.of.science","own.account","uncurbed.passion","ancient.sage","aggregated.potence","consequence.to.principle","uncreated.voice","faith.in.astrology","mysterious.rivers","little.account","heaven.as.body","absolute.corresponds","profane.enchantment","veritable.adept","wealth.of.poesy","cradle.at.bethlehem","other.to.gq","various.impulse","cycle.for.doctrine","blood.of.abel","immutable.necessity","head.in.order","convulsionary.of.jansenism","prophet.of.alchemy","single.figure","empire.of.science","philosophical.world","divinity.upon.earth","kingdom.of.god","certain.book","name.of.gnosis","little.money","food.of.man","revolution.of.soul","expression.of.belief"
"79","grand.copht","hieroglyphic.figure","magnetic.current","voluntary.privation","X3.caph","circle.of.faust","state.of.somnambulism","chariot.of.ezekiel","future.of.france","three.part","sacred.symbolism","single.man","original.unity","instinctive.control","genius.differ","law.of.reason","selfish.pleasure","lapse.of.time","fourth.chapter","experimental.philosophy","supreme.voice","decisive.event","sword.of.fire","eternal.love","immaculate.soul","corresponds.from.world","sacrilegious.divinity","human.reason","intellectual.progress","certain.destruction","elementary.daimon","solicitude.of.conscience","calendar.for.legend","secret.of.magic","inexorable.condition","two.mother","same.occult","allegory.to.reality","universal.dogma","of.with..j","fountain.of.soul","scientific.method","same.counsel","unequivocal.symptom","visible.god","one.vessel","trace.of.poison","luminous.darkness","elect.of.science"
"80","twelve.master","final.word","secret.agent","one.white","ferocious.animal","primal.doctrine","two.person","dual.interpretation","high.price","magical.doctrine","bosom.of.adam","blazing.star","occult.knowledge","human.remains","ray.of.truth","other.eastern","licentious.energy","own.centre","angel.of.light","first.revelation","superb.angel","order.of.life","four.figure","eyes.of.reason","kiss.of.angel","world.to.world","shadow.of.bodily","sexual.love","bold.calculation","two.traveller","gtate.of.servitude","unexpected.graces","one.branch","human.being","sex.of.paracelsus","old.physic","diabolical.frenzy","three.initial","more.cease","d.weakness","visible.light","X1st.arcanum","holy.kingdom","widespread.disposition","possibility.of.doubt","unique.athanor","wall.of.house","allegorical.body","kingdom.of.heaven"
"81","physical.regeneration","genesis.of.enoch","will.of.man","other.world","X3.nun.","book.of.humanity","three.time","two.science","sanguine.temperament","rural.people","human.tetragram","uncreated.light","would.samech","mere.animal","chimerical.fantasy","stricken.angel","energy.of.humanity","justice.in.god","murder.of.orpheus","X1..n","ineffable.smile","natural.felicity","biblical.sphinx","admirable.story","uinary.instinct","two.fatality","instinctive.force","earliest.ag","calculation.of.pythagora","X110.stone","fifteenth.foot","two.angel","antique.sanctuary","first.substance","exalted.point","vulgar.name","unhappy.gaufridy","different.grade","irreconcileable.idea","great.ran","third.world","principle.of.reason","priesthood.of.magic","jewish.millionaire","possibility.of.error","moral.alchemy","mask.of.st","X.generous.dream","good.sense"
"82","forty.day","occult.sciences","powerful.will","new.knife","suspicion.of.imposture","final.doctrine","poisonous.fungi","notary.art","divination.by.dream","great.universal","mysterious.jod","vulgar.ignorance","deep.thing","complete.extinction","temptation.of.st","angels.of.peace","tyrannous.weakness","current.of.love","lonely.death","false.science","natural.power","nineteen.year","cherubim.of.ezekiel","greatest.importance","simple.country","uncreated.will","field.of.battle","art.of.writing","unknown.power","death.of.slave","own.development","triumph.of.justice","strewn.with.bone","entire.creation","liberty.of.science","ordinary.water","characteristic.of.poisoning","process.for.adaptation","alternative.of.movement","perfect.alembic","colder.realm","second.principle","compete.tion","doctrine.of.renunciation","temporal.manifestation","chemical.instrument","ancient.canidia","emancipation.of.woman","fluidic.attraction"
"83","white.stone","own.day","such.thing","orb.of.heaven","mystification.of.science","kingdom.of.god","forehead.chiefly","complete.science","hydromancy.by.crystallomancy","adequate.explanation","kabbalistic.phallus","mildness.of.abel","undiscernible.cause","affectionate.sense","confusion.of.reflection","mild.star","sordid.mistress","electro.magnetic.ether","death.of.mose","divine.magic","name.of.science","fatal.experience","imperishable.dogma","ecclesiastical.authority","medium.of.vision","accord.with.wisdom","liberty.struggles","world.after.adam","mistress.of.love","sanguinary.edict","system.of.person","young.woman","vast.ossuary","religious.chain","consciousness.of.power","recondite.meaning","divine.vengeance","admirable.treatise","phenomena.of.life","heart.of.man","realm.of.reasoning","potent.association","monarch.of.science","moral.revolution","manifestation.of.truth","sole.athanor","art.of.locusta","few.word","epigastric.region"
"84","series.of.number","four.time","agent.of.life","son.of.hephaistus","dream.of.madness","mercurius.trismegistus","whole.form","immense.success","geomancy.by.cartomancy","other.term","triadic.name","notion.of.unity","p.copli.","possible.extent","flower.of.mankind","celestial.perfume","tearful.valley","archaic.monument","torture.of.apollonius","infernal.magic","uncreated.father","advance.of.time","magical.dogma","creation.of.intelligence","sympathetic.congestion","simple.resolution","animal.of.symbolism","metaphysical.equilibrium","man.into.brute","torrent.of.blood","bring.to.life","alliance.of.reason","fanatical.doctor","alarming.symptom","case.in.point","modern.science","sole.cause","edition.of.herme","evocation.of.memory","first.condition","source.of.error","intelligence.by.faith","priest.of.truth","lower.rank","buckler.of.satan","formula.for.evocation","infamous.class","own.opinion","whole.mass"
"85","natural.history","four.element","exact.calculation","patron.of.philosophy","different.application","normal.possibility","individual.sign","ingenious.parasite","completement.of.method","first.principle","name.of.eve","opposite.point","scourge.of.thebe","such.corpse","revelation.by.intuition","gaze.with.love","indefatigable.labourer","great.sinner","great.paracelsus","scientific.work","chariot.of.worlds","change.of.place","world.of.spirit","bath.of.medea","young.woman","incalculable.series","enigma.of.nature","volitional.autonomy","zoroaster.to.mane","own.apotheosis","cheap.triumph","phenomena.of.nature","provisional.object","symptom.of.decomposition","man.of.pleasure","primitive.substance","atrocious.disease","volatile.by.alchemist","memory.in.necromancy","past.age","eevolution.of.soul","fulcrum.for.virtue","king.of.science","means.of.action","spare.of.michael","certain.elixir","contagious.disease","absolute.negation","current.of.life"
"86","occultist","other.term","master.of.science","name.of.satan","several.characteristic","possibility.of.man","magical.writing","fresh.outburst","whole.length","incarnation","name.of.jehova","primitive.man","terrible.mane","time.about.brocalaque","insuperable.barrier","eternal.repose","eternal.harvest","effeminate.man","swedenborg.simulating","pontiff.of.nature","ethereal.immensity","ancient.astrologer","paths.of.light","exercise.of.st.","truth.in.science","series.of.benefit","governing.potency","one.time","positive.christianity","common.contempt","present.chapter","magical.universal","object.of.christianity","young.shepherd","reaction.in.proportion","experiment.of.evocation","immense.popularity","absolute.order","tremendous.power","indifferent.acts","material.world","aristocracy.of.science","specific.promise","prestige.of.fortune","infinite.destruction","vitality.of.youth","poisonous.plant","universal.fluid","smile.of.incredulity"
"87","astral.light","one.side","such.soul","spiritual.unitie","same.operation","celebrate.hierophant","planisphere.of.gaffarel","evangelical.zeal","cerebral.congestion","logical.deduction","magical.word","kabbalistic.jod","domain.of.form","certain.person","sudden.interruption","sentinel.of.light","wreckage.of.woman","infernal.dragon","reason.in.order","same.relation","terrible.eye","labour.of.trithemius","hierarchy.to.hierarchy","higher.level","X22.and","kabbalistic.tetragram","life.in.period","beautiful.girl","brilliant.dream","debris.of.idol","certain.centre","light.in.heaven","religious.equality","shepherd.of.la","complete.confidence","due.preparation","sympathetic.force","diversity.of.spirit","wise.distinction","man.of.honou","temporary.shell","two.operations","symbolical.form","olden.time","heel.of.michael","certain.animal","narcotic.property","symbol.of.victory","irresistible.current"
"88","transmutation.of.metals","two.principle","astral.fire","single.beam","uncertain.method","flow.of.opinion","serious.art","egoistic.positivism","practical.magic","mathematical.notions","triad.form","liberty.in.god","own.eye","X14.tkansmutation","abrupt.wall","sanguinary.aspect","dead.tress","hieratic.secret","st.martin","fanatical.person","beautiful.ear","immediate.future","magical.science","internal.light","secret.signa","god.in.humanity","youth.to.mar","book.upon.table","titanic.aspiration","ruin.of.empire","support.of.life","type.of.initiation","equality.among.man","concourse.of.pilgrim","modern.cartomancer","doctrinal.part","illustrious.person","mystery.of.nature","elementary.appearance","such.insult","interior.body","good.ground","mystery.of.indion","house.of.duma","universal.dynamics","certain.plant","principle.from.datura","weak.nature","sudden.decomposition"
"89","ancient.temple","ten.sephiroth","whole.science","fifteen.day","hieroglyphic.figure","caprice.of.success","analogous.character","public.cynicism","infernal.gods","notions.of.being","square.produce","straight.diverge","secret.into.exile","previous.chapter","wall.in.nature","depth.of.heaven","plunder.of.queens","unholy.denial","many.victim","religious.man","thy.child","wheel.of.ezekiel","table.of.evocation","secret.power","first.word","humanity.in.god","manhood.to.mercury","certain.sensation","ominous.influence","many.satellite","magical.chain","hieratic.religion","man.by.liberty","magnetic.reality","remarkable.point","pathological.fact","act.of.injustice","new.science","visible.element","good.emperor","fluidic.shell","faith.in.immortality","rifc.of.prophecv","exclusive.production","one.lean","black.samael","white.juice","egyptian.to.herme","human.fluid"
"90","highest.secret","four.suit","practical.magic","repast.after.sundown","figure.of.baphomet","emissary.of.infernus","nervous.contraction","mystical.tendency","baptismal.oil","possible.thing","circular.movement","visible.triangle","essential.union","embryonic.condition","void.in.nature","peaceful.sphere","hair.of.berenice","secret.mean","necessity.for.silence","moral.life","didst.love","reason.of.be","number.of.truth","few.madman","final.reason","nay.of.light","age.to.jupiter","prodigious.nature","honeyed.eloquence","many.executioner","magical.operation","universal.synthesis","natural.inequality","fluidic.tendency","obstinate.opinion","intelligent.attempt","whole.society","X18.v","element.of.magic","sephirotic.scale","infinite.struggle","creation.in.heaven","spiritual.heaven","splendid.solution","progressive.revelation","own.sanctuary","juice.of.sea","mysterious.builder","system.of.vibration"
"91","kabbalistic.key","four.ace","light.of.life","five.ounce","androgyne.of.mende","unfortunate.cornelius","nervous.tissue","tendency.of.mind","modicum.of.wax","multitude.of.being","equal.angles","reverse.base","union.of.idea","great.terror","true.death","chariot.of.war","cabinet.of.king","unconscious.crime","one.arm","dogma.of.christianity","thy.grand","sixtus.v.","determinate.form","earth.into.gold","rod.of.miracle","nay.of.warmth","prophetic.key","minister.of.prophet","bloody.orgy","alone.reign","space.of.time","hellenic.mystery","astuteness.for.virtue","insufficient.attention","little.esteem","accordance.with.science","terrible.law","such.criminal","shadow.for.reality","eoman.character","whole.period","man.with.reason","hieroglyphic.symbol","religious.problem","conflict.between.ero","formidable.goat","fruit.of.java","dogma.of.magic","affinity.with.man"
"92","universal.reason","one.foot","intelligent.being","first.cloth","colossal.fable","first.page","fatality.of.life","weal.of.humanity","image.with.garment","logical.necessity","measure.of.unity","triangles.of.solomon","primitive.characters","inoffensive.person","death.in.nature","procession.of.vestal","secret.orgy","geburah.in.nature","complete.liberty","powerful.unity","eternal.majesty","universal.force","increase.in.proportion","shadow.of.ignominy","early.century","invisible.nature","important.future","inspirer.of.pythoness","abominable.banquet","alone.triumph","certain.people","latin.church","man.to.perfection","phenomena.of.table","fashionable.success","religious.doctrine","unforgiving.cast","terrible.dangers","ten.sephiroth","one.tetragram","interior.activity","universal.word","analogous.metals","unlimited.freedom","struggle.between.jacob","nervous.impressions","long.journey","law.in.physic","initiator.of.christianity"
"93","occult.sciences","present.time","philosophy.of.number","sleeveless.robe","gracious.poem","point.of.view","frequently.reveal","day.of.meanness","imaginary.torture","magnetic.lucidity","relation.of.equality","third.world","trinity.of.word","sidereal.transmutation","cardinal.fesch","solar.guardian","gumless.tooth","single.law","passionate.person","greek.rite","heaven.of.star","fertile.writer","detachment.of.spirit","majorcan.raymond","bad.faith","sign.of.osiris","destiny.of.nation","disposal.of.error","cry.of.execration","same.manner","spouse.of.vampire","latin.eye","sex.of.man","chain.of.enthusiasm","accomplished.magician","black.magic","brand.of.althaea","own.account","divine.name","hebrew.kitual","captive.spirit","hieratic.language","ancient.practice","strife.of.word","golden.mountain","second.point","similar.poison","name.of.geburah","roman.debauchery"
"94","admirable.symbol","celestial.sphere","universal.light","two.candle","poem.of.psyche","duad.lead","struggle.between.will","interested.ambition","torment.by.sympathy","complete.union","below.form","degree.of.tenuity","ten.figure","thessalian.woman","simple.seer","bereft.spouse","lecherous.courtesan","conception.of.unity","expression.of.khunrath","several.hebrew","own.splendour","eugene.sue","precipitate.will","efficacious.grace","act.of.faith","central.point","time.of.christ","great.time","homily.of.eousseau","idle.man","wicked.torment","various.symbol","contrary.disposition","fresh.current","practice.of.magic","magnetic.current","mythological.symbol","imprudent.research","jean.jacque","title.of.semhamphora","pyre.of.expiation","ordination.of.god","magnetic.virtue","monseigneur.dupanloup","one.side","further.revelation","slime.of.reptiles","supreme.crown","ambient.sphere"
"95","secret.of.nature","two.ewer","sensitive.nature","black.wooden","mysterious.union","lead.of.necessity","powerful.emotion","influence.of.rank","civil.war","union.of.will","ideal.phallus","density.in.substance","entire.element","concealed.secret","force.of.enthusiasm","inmost.sanctuary","vicinity.of.sleeping","first.square","horde.of.epicurus","kabbalistic.correspondent","inexhaustible.stream","vast.romance","beautiful.monologue","golden.ass","altar.of.perfume","infinite.triangles","tentative.title","posid.occur","illusion.of.cagliostro","law.of.equilibrium","good.torture","hand.of.science","result.from.revelation","physical.solidarity","profession.of.faith","various.mode","own.blood","same.symbol","great.master","one.fourfold","hercule.upon.mount","reasonable.confidence","human.act","prodigy.of.genius","symbolic.serpent","stone.of.truth","hideous.philtre","name.of.malchuth","sphere.of.reflection"
"96","great.problem","modern.tarot","hieroglyphic.character","two.crown","weak.mortal","word.of.unity","past.manifest","spiritualise.matter","period.of.detention","operation.of.magnetism","formal.cteis","inherent.faculty","component.principles","mortal.man","such.person","god.of.day","mane.of.smoke","numerical.combination","repellent.austerity","balance.of.geburah","stream.of.light","skilful.combination","monologue.of.faust","first.revelation","chain.of.instinct","french.language","erudite.willibe","dead..e","magical.clavicle","infernal.evocation","gentleness.of.abel","second.nature","hierarchic.analogy","impressionable.person","little.child","northern.country","own.issue","nervous.person","most.part","endless.sway","second.death","unity.of.reason","one.piece","illustrious.man","serpent.of.indion","modest.doubt","virus.of.mare","kabbalistic.versicle","common.faith"
"97","kabbalistic.temple","ancient.world","doctrine.of.herme","magical.fork","magical.secret","intelligent.principle","two.foot","material.value","sole.vengeance","more.person","vertical.phallus","transparent.casement","spoken.word","own.effort","spring.of.water","long.conflagration","wing.of.scarlet","philosophical.operation","weakness.of.love","whole.christian","thine.essence","refuse.of.humanity","sacred.pleasure","fundamental.principle","history.of.daniel","first.root","archaic.writings","horrible.agony","less.recognise","more.enchantment","painful.bewitchment","astonishing.extent","religious.worlds","impressions.of.imagination","one.thought","cheap.solution","two.principle","name.of.magic","evocation.of.intelligence","fourfold.ray","four.kind","shallow.reasoner","piece.of.awkwardness","larger.ambition","caduceus.of.hermanubis","aspiration.without.reason","infamous.drug","higher.name","dissolute.current"
"98","creation.of.man","sacred.septenary","first.sight","frightful.symptom","human.omnipotence","magical.standpoint","other.shape","literary.guarantee","holy.temple","essential.quality","horizontal.cteis","vitreous.block","religious.dream","such.case","great.instrument","vast.meadow","entire.life","negation.with.affirmation","severity.of.life","god.in.humanity","infinite.spirit","human.virtue","pleasure.of.life","absolute.negation","whole.eoman","force.of.attraction","twelfth.plate","foryich.person","mysterious.founder","far.away","ferocity.of.cain","ancient.depositary","hierarchy.of.spirit","inert.object","sacred.name","exercise.of.st","full.document","same.moment","evocation.of.love","simple.arrangement","kind.of.phenomena","infinite.prince","long.chain","rejuvenated.civilisation","two.cherubim","reason.of.god","mere.odour","X3.l","appropriate.moment"
"99","universal.creation","general.key","great.agent","unknown.interest","unfortunate.agrippa","criminal.legislation","mysterious.assemblie","magnificent.utopia","next.place","absolute.liberty","philosophical.cross","foreign.matter","jacob.boehme","indeterminate.temperament","interior.light","grand.council","external.cleanliness","philosophical.triad","town.to.town","sexual.love","inexhaustible.treasure","many.eodin","poor.heart","sexual.love","bullet.of.jule","four.phase","key.of.heaven","unof.prid","analogical.world","swift.contact","evil.man","many.terror","final.triumph","wonderful.vision","right.hand","such.occasion","marvellous.tarot","phenomenal.reality","evocation.of.hate","geburah.of.jod","profane.science","supreme.expression","occult.relation","obscure.scholar","chariot.of.osiris","dream.for.experience","technical.language","old.chemist","moral.reaction"
"100","tradition.of.st","two.point","dark.night","foulest.form","urban.grandier","practical.philosophy","ancient.bacchanalia","modern.literature","sceptre.of.noah","same.sex","cross.of.mason","reflection.from.ray","eternal.balance","entire.planetary","natural.law","council.of.sphere","poorest.person","four..square","earthly.joy","perfect.form","treasure.of.substance","special.pleading","heart.with.joy","human.assault","real.danger","successive.transformation","analogical.necessity","return.to.life","warfare.of.word","low.voice","good.originate","sacred.pentagram","magnetic.agent","incoherent.dream","other.world","unknown.hand","inspired.work","abrac.ad","proof.whatsoever","wrath.of.man","four.nam","expression.of.love","collective.faith","lever.of.archimide","two.seraphim","jerusalem.of.st","powder.of.succession","indubitable.force","law.of.realisation"
