"","1_magnetic_sleep","2_spiritualism","3_progress","Other_1","Other_2","Other_3","Other_4","Other_5","Other_6","Other_7","Other_8","Other_9","Other_10","Other_11","Other_12","Other_13","Other_14","Other_15","Other_16","Other_17","Other_18","Other_19","Other_20","Other_21","Other_22","Other_23","Other_24","Other_25","Other_26","Other_27","Other_28","Other_29","Other_30","Other_31","Other_32","Other_33","Other_34","Other_35","Other_36","Other_37","Other_38","Other_39","Other_40","Other_41","Other_42","Other_43","Other_44","Other_45","Other_46","Other_47","Other_48","Other_49","Other_50"
"1","magnetic.sleep","spiritism","human.being","medical.man","human.soul","human.being","corporeal.life","whole.world","three.year","year.of.age","human.being","dark.spirit","great.deal","such.man","higher.sphere","human.form","first.volume","other.portion","principles.of.nature","law.of.nature","long.period","one.day","same.way","clairvoyance","magnetic.influence","world.of.spirit","other.world","new.testament","human.mind","short.time","new.testament","vital.principle","same.time","new.testament","carboniferous.era","physical.life","outer.world","present.day","nervous.system","law.of.nature","human.being","present.day","primitive.history","other.planets","human.being","human.being","nervous.system","past.life","spiritual.sun","human.being","certain.degree","book.of.king","many.time"
"2","magnetic.state","human.being","reincarnation","one.thing","positive.power","human.race","good.faith","great.tree","same.time","long.time","material.body","present.time","last.time","son.of.god","second.sphere","divine.revelation","year.of.age","whole.earth","great.system","physical.life","certain.extent","three.day","various.portion","one.day","somnambulic.state","human.form","human.being","solar.system","more.light","good.angel","old.testament","state.of.somnambulism","same.thing","present.day","many.people","good.spirit","perfect.form","thousand.year","future.life","human.race","future.life","little.importance","new.life","anatomical.structure","free.will","evil.spirit","somnambulic.state","bad.spirit","little.girl","free.will","sympathetic.spirit","whole.race","human.body"
"3","magnetic.somnambulism","spiritist","incarnation","scientific.man","positive.mind","amount.of.labor","magnetic.somnambule","vital.fuid","young.man","clairvoyance","primitive.history","public.domain","little.girl","present.state","great.sun","human.mind","one.day","dry.land","original.condition","various.species","long.time","much.time","human.life","year.of.age","free.will","mucious.surface","communication.of.thought","primitive.history","solar.system","last.night","present.time","special.organ","spiritual.eye","hundred.year","evil.spirit","great.water","positive.mind","divine.revelation","better.life","several.time","material.object","present.state","magnetic.medium","human.eye","part.of.god","seven.year","evil.spirit","lower.world","material.body","second.sight","physical.manifestation","present.day","higher.world"
"4","clairvoyance","good.spirit","new.existence","same.time","human.form","present.system","main.difference","new.one","five.minute","five.year","physical.makeup","nervous.system","year.of.age","celestial.purity","system.of.worlds","free.will","world.of.cause","present.period","magnetic.state","magnetic.fluid","present.day","human.being","other.spirit","period.of.revolution","inhabitant.of.earth","like.manner","natural.law","past.life","new.system","old.man","primitive.history","state.of.coma","good.spirit","son.of.god","many.other","future.life","first.cause","many.portion","rational.mind","direct.opposition","other.thing","human.being","magnetic.needle","human.race","bad.one","one.day","many.person","vague.memory","human.form","other.hand","degree.of.elevation","human.race","same.manner"
"5","natural.somnambulism","human.race","human.race","first.society","law.of.nature","fellow.being","existence.of.demon","peace.on.earth","year.of.age","gray.hair","same.thing","clairvoyance","evil.spirit","favour.of.animal","circle.of.suns","world.of.spirit","clairvoyance","present.era","real.reality","present.life","other.time","great.deal","same.faculty","thousand.mile","few.year","few.day","law.of.justice","thirty.year","clairvoyant","divine.power","subsequent.generation","organic.life","material.body","same.time","infinite.goodness","primitive.history","external.form","other.portion","other.person","poor.man","such.circumstance","higher.class","new.era","general.law","common.sense","next.day","general.condition","good.spirit","human.race","freedom.of.choice","other.spirit","nineteenth.century","own.nature"
"6","natural.state","physical.life","law.of.progression","principle.of.animal","human.mind","honest.man","same.person","will.to.man","three.hour","left.side","great.man","human.race","good.man","other.man","infinite.space","primitive.history","same.time","body.of.water","whole.mass","length.of.time","real.cause","several.time","other.word","physical.influence","other.thing","old.age","first.time","divine.revelation","primary.cause","two.spirit","same.time","second.sphere","same.way","present.time","other.part","great.spirit","human.form","western.hemisphere","law.of.matter","spiritual.world","period.of.time","lower.class","many.other","great.mass","material.body","goodness.of.god","magnetic.influence","other.person","one.day","many.thing","same.manner","whole.world","other.nation"
"7","many.person","natural.law","such.thing","new.science","one.system","transmission.of.thought","spirit.world","primitive.history","two.hour","few.question","one.point","human.species","later.period","man.of.science","great.centre","spiritual.world","spiritual.world","present.day","close.relation","solar.system","period.of.time","same.way","natural.somnambulism","four.year","intellectual.faculty","whole.form","many.other","thousand.miles","present.day","two.o.clock","form.of.expression","superior.spirit","moral.suffering","four.hour","incidental.circumstance","human.being","human.mind","various.nation","natural.sleep","nature.of.man","other.hand","new.form","book.of.genesis","eternal.design","period.of.time","spiritual.world","magnetic.fluid","free.will","same.thing","material.life","many.individual","whole.earth","many.people"
"8","epigastric.region","human.life","degree.of.advancement","perfect.unity","sphere.of.existence","one.man","supreme.happiness","vital.principle","spiritual.world","six.year","certain.spirit","nineteenth.century","twenty.year","spiritual.nature","solar.system","whole.world","clairvoyant","various.part","nervous.temperament","general.appearance","whole.body","few.day","young.lady","same.thing","other.being","few.minute","such.apparition","book.of.mark","great.centre","new.one","jewish.nation","other.hand","new.life","mental.faculty","original.family","other.nation","higher.degree","higher.degree","higher.sphere","various.portion","many.individual","lower.order","old.testament","rotary.motion","mind.of.man","different.place","several.person","same.thought","other.case","other.spirit","celestial.body","great.extent","own.composition"
"9","few.minute","spiritualist","good.spirit","eight.year","great.mass","nature.of.thing","supreme.being","mental.organization","evil.spirit","old.man","such.thing","mind.of.mankind","one.evening","little.boy","human.mind","divine.love","long.time","whole.mass","material.universe","other.substance","united.voice","other.writer","good.man","electric.fluid","natural.instinct","many.thing","successive.life","six.day","great.deal","most.part","other.person","general.sense","seven.day","serious.conviction","one.person","free.will","particle.of.matter","present.form","natural.law","human.family","point.of.view","marsupial.animal","prophetic.dream","other.planet","imperfect.spirit","several.time","magnetic.sleep","perfect.harmony","human.being","spiritual.life","long.period","imperfect.form","original.design"
"10","highest.degree","spiritualism","corporeal.life","own.experience","outer.world","own.life","young.girl","free.thought","long.time","few.day","good.deal","human.being","worthy.man","spiritual.society","immutable.law","perfect.representation","several.year","red.sandstone","important.truth","workings.of.nature","power.of.motion","new.existence","one.world","higher.degree","magnetic.action","young.lady","law.of.nature","thousand.mile","own.nature","amount.of.evidence","third.person","natural.body","nervous.system","subsequent.nation","last.night","solar.system","lower.form","higher.order","material.element","social.world","great.distance","whole.animal","young.girl","other.species","like.manner","same.time","human.being","other.time","medical.treatment","human.body","natural.language","thousand.year","application.of.animal"
"11","few.day","same.time","present.life","third.day","organic.being","poor.man","essential.condition","world.of.mankind","few.minute","lower.part","present.generation","human.existence","many.people","whole.universe","great.mass","good.spirit","thirty.year","present.condition","world.of.mankind","kingdom.of.heaven","various.impressions","third.society","great.nation","three.year","sheet.of.paper","spiritual.body","magnetic.power","old.testament","physical.effect","one.language","present.day","ultimate.perfection","name.of.god","eastern.world","first.place","vocal.communication","human.organization","distinct.nation","higher.branch","distributive.justice","shorter.period","present.era","other.man","present.period","old.man","name.of.god","first.order","first.time","spiritual.sphere","law.of.association","own.way","human.being","people.on.earth"
"12","external.impressions","higher.spirit","degree.of.development","man.of.science","various.part","distribution.of.labor","interior.truth","different.species","two.year","one.day","many.man","lowest.point","next.day","human.thought","human.race","other.world","few.question","species.of.animal","very.element","errant.state","same.fact","one.o.clock","lower.spirit","young.person","high.bailiff","several.work","early.history","first.part","nineteenth.century","same.thing","higher.sphere","vincent.de","first.place","three.time","two.being","eastern.tribe","human.world","form.of.expression","certain.kind","spiritual.life","high.degree","chemical.combination","highest.point","origin.of.evil","young.man","last.sitting","different.time","social.relation","second.circle","white.spirit","degree.of.progress","high.degree","degree.of.elevation"
"13","magnetic.operation","bad.spirit","higher.spirit","medical.profession","human.organization","moral.sense","state.of.thing","unrestricted.inquiry","six.month","blue.eye","state.of.perfection","physical.condition","same.thing","own.nature","spiritual.world","great.temple","similar.one","great.portion","irresistible.conviction","love.of.god","theory.of.mesmer","tribulation.of.life","different.world","two.day","man.on.earth","similar.fact","social.standing","nineteenth.century","material.formation","great.number","useful.application","same.manner","few.day","jesus.christ","external.appearance","evil.spirit","material.existence","southern.portion","influx.of.divine","same.kind","physical.manifestation","very.moment","many.portion","other.state","one.day","own.mind","great.attention","other.people","nervous.system","good.faith","physical.life","new.heaven","nervous.system"
"14","magnetic.fluid","material.life","physical.life","fact.of.animal","adequate.conception","law.of.charity","greatest.amount","atmosphere.of.light","old.man","large.nose","one.individual","short.time","gray.hair","holy.ghost","concentric.circle","social.happiness","many.year","watery.element","magnetic.condition","certain.point","magnetic.action","first.time","spiritual.world","three.day","natural.sleep","body.of.man","physical.need","second.part","property.of.matter","mature.examination","immortal.truth","one.person","few.hour","different.person","spiritual.truth","only.one","divine.mind","central.america","bosom.of.society","physical.constitution","human.knowledge","higher.order","truthful.prophecy","same.amount","creation.of.man","good.faith","law.of.gravitation","white.spirit","material.life","point.of.view","state.of.nature","new.earth","mass.of.spirit"
"15","short.time","physical.world","free.will","positive.evidence","form.in.nature","evil.spirit","social.life","mind.of.man","one.place","open.forehead","perfect.organization","last.century","maiden.name","teaching.of.nature","immensity.of.space","material.man","old.man","higher.form","inherent.property","period.of.time","one.hand","first.thought","human.being","inward.reality","external.world","nerve.of.sensation","prior.life","historical.account","many.century","external.evidence","red.sea","future.life","eight.day","immutable.law","course.of.time","present.existence","like.manner","primitive.inhabitant","same.manner","whole.race","new.testament","class.of.animal","other.book","present.time","one.fact","sympathetic.thread","highest.type","earthly.thought","female.somnambulist","sick.person","degree.of.purification","intellectual.attainment","same.degree"
"16","seven.day","free.will","human.life","ordinary.state","degree.of.perfection","good.spirit","eternal.misery","individual.interest","next.day","several.person","universal.principle","present.day","two.hour","conclusive.evidence","new.testament","material.world","material.body","day.of.creation","great.power","certain.amount","same.act","twenty.year","earthly.thing","million.of.mile","muscular.action","principle.of.intelligence","standard.of.happiness","theological.writer","form.of.expression","sacred.text","same.place","inferior.spirit","one.night","primitive.history","different.color","previous.description","great.body","eastern.hemisphere","clairvoyance","human.industry","useful.purpose","new.light","interior.meaning","same.effect","pure.spirit","young.girl","latter.class","two.extreme","material.sun","great.number","ordinary.language","direct.opposition","eighteen.month"
"17","natural.somnambulist","physical.body","law.of.progress","few.minute","very.essence","such.spirit","entire.life","organic.being","same.kind","many.year","supreme.intelligence","future.state","four.hour","truthful.conception","constitution.of.man","material.glob","other.world","hundred.year","eternal.truth","natural.law","little.child","own.house","high.degree","four.month","useful.application","diastolic.motion","bad.spirit","orphic.hymn","subsequent.age","way.of.thinking","birth.of.christ","human.being","three.night","higher.state","fifty.year","first.inhabitant","human.body","same.form","earthly.existence","one.thing","necessity.of.life","process.of.reproduction","great.reformer","intellectual.attainment","sectarian.usurpation","watchful.state","one.class","three.time","moral.development","same.effect","few.individual","social.condition","physical.cause"
"18","sense.of.feeling","incarnate.spirit","material.body","better.world","harmonious.system","first.volume","good.god","physical.energie","other.person","forty.year","essential.attribute","previous.condition","great.work","new.commission","inherent.quality","human.soul","such.matter","great.body","universal.justice","proper.understanding","many.person","organic.being","future.state","great.pain","medical.practitioner","same.age","mere.effect","many.thing","many.truth","prayer.to.god","marvellous.thing","two.year","human.body","mental.development","lower.part","many.tribe","other.form","other.nation","good.result","mental.faculty","spiritual.leg","sign.of.pain","deadly.thing","many.particular","great.ocean","fifteen.year","thirty.hour","certain.condition","same.character","corporeal.life","whole.life","sectarian.hostility","particle.of.matter"
"19","other.people","protective.spirit","higher.degree","own.room","other.form","journal.do","moral.principle","human.existence","ten.minute","new.testament","garden.of.eden","theological.opinion","one.occasion","extraordinary.phenomena","mental.constitution","external.evidence","right.eye","perfect.form","chemical.affinity","various.strata","principal.part","human.existence","mental.refinement","profound.sleep","next.room","good.result","own.sake","material.form","french.academy","different.place","great.power","physical.organ","second.sight","distributive.justice","such.appearance","many.ag","one.particle","many.century","views.at.distance","peace.on.earth","several.place","time.of.death","prior.life","general.condition","bad.spirits","bad.thought","magnetic.operation","one.spirit","public.hospital","magnetic.power","dead.body","law.of.mose","one.body"
"20","magnetic.influence","human.society","different.degree","different.way","other.word","own.expense","high.sense","mental.constitution","whole.body","communication.of.thought","fall.of.man","lower.stratum","new.fault","ardent.desire","third.sphere","human.race","second.volume","carboniferous.formation","interior.thought","successive.development","law.of.nature","one.time","degree.of.development","moral.superiority","seven.o.clock","large.buttons","dear.monsieur","two.body","magnetical.phenomena","sight.of.god","perpetual.motion","one.time","somnambulic.state","death.of.jesus","several.foot","other.body","law.of.nature","pacific.ocean","other.place","internal.principle","world.of.spirit","young.girl","same.person","solar.system","own.volition","much.pleasure","magnetic.trance","moral.excellence","physical.state","mental.power","length.of.time","book.of.chronicle","new.truth"
"21","psychical.phenomena","invisible.world","imperfect.spirit","field.of.science","primary.cause","social.progress","insensible.perspiration","physical.law","good.angel","great.deal","one.god","soul.after.death","fault.as.consequence","universe.in.miniature","high.degree","early.inhabitant","wicked.spirit","same.class","same.time","various.departments","chain.of.cause","greek.word","spiritual.kingdom","fifty.leagu","very.fact","assemblage.of.thought","nature.of.thing","other.part","academy.in.europe","many.thing","chemical.action","carbonate.of.lime","such.person","nitrate.of.silver","other.animal","possible.bearing","organization.of.man","highest.degree","great.alarm","law.of.association","sufficient.evidence","other.side","later.period","various.portion","moral.progress","other.day","year.of.age","young.man","spiritual.world","force.of.nature","truthful.conclusion","highest.degree","immortal.principle"
"22","several.time","incarnation","multiple.life","principle.of.justice","human.system","certain.degree","large.intestine","moral.reformer","one.day","material.body","god.of.abraham","past.life","such.fault","few.word","external.manifestation","social.world","only.person","mountain.of.ice","one.thing","amount.of.time","one.inch","vast.number","seven.minute","one.month","good.sense","future.existence","mode.of.existence","many.ag","light.of.truth","one.day","superficial.view","spiritual.essence","same.answer","social.relation","upper.part","other.portion","same.principle","whole.nation","present.one","universal.happiness","divine.power","human.knowledge","external.appearance","internal.heat","material.form","spiritual.sun","long.time","bad.dream","few.year","intellectual.power","atmospheric.element","such.experiment","perfect.form"
"23","other.spirit","same.manner","good.spirits","least.particle","vital.action","supernatural.cause","very.nature","system.of.religion","communication.of.thought","black.eye","noble.mind","other.part","regressive.state","such.communication","positive.mind","original.sin","two.person","human.organization","human.form","mutual.exchange","whole.earth","innate.consciousness","clerical.profession","last.one","fifteen.day","apparition.of.spirit","life.on.earth","universal.law","unrestrained.investigation","clairvoyance","present.century","great.variety","third.time","spiritual.sphere","gigantic.form","social.condition","lower.order","spiritual.sphere","same.faculty","higher.class","material.state","secondary.formation","word.of.god","association.of.particle","white.wing","good.spirit","ordinary.state","young.woman","bad.spirit","supernatural.power","higher.order","new.type","principle.of.cause"
"24","such.person","few.moment","right.road","true.affection","motive.power","disposition.of.mind","class.of.being","same.spirit","several.time","hundred.year","natural.explanation","word.of.god","young.man","twenty.year","human.existence","long.year","many.person","sixth.day","other.place","human.race","small.portion","lower.society","state.of.mind","eight.month","right.arm","life.on.earth","constant.antagonism","present.form","intellectual.progress","little.niece","eastern.tribe","scientific.knowledge","three.o.clock","swedish.philosopher","original.conception","one.family","eternal.law","primitive.history","magnetic.state","tower.of.babel","terrestrial.life","primary.formation","certain.distance","apparent.confusion","soul.of.man","few.question","such.thing","extraordinary.fact","same.time","wisdom.of.god","innumerable.age","different.language","original.matter"
"25","convulsive.fit","inferior.spirit","future.life","department.of.nature","new.form","three.week","social.organization","poor.man","state.of.somnambulism","right.hand","undeniable.proof","great.weight","name.of.god","true.light","ultimate.sphere","divine.wisdom","normal.condition","great.mass","other.person","natural.death","first.type","right.path","second.sphere","two.kind","young.woman","condition.of.society","other.kind","million.of.miles","intrinsic.worth","such.circumstance","human.life","natural.phenomena","dead.man","apparent.discrepancy","part.of.europe","subordinate.spirit","divine.revelation","other.substance","whole.nation","superior.circumstance","short.interval","many.species","positive.power","many.species","sense.of.justice","one.thing","twelve.year","same.description","material.proof","work.of.god","certain.condition","superficial.evidence","lower.sphere"
"26","state.of.somnambulism","other.life","infuence.of.matter","higher.order","general.principle","several.question","advanced.nation","other.word","twenty.minute","young.man","human.species","human.soul","other.spirit","present.time","inherent.law","celestial.sphere","good.clairvoyante","other.substance","human.being","social.government","great.degree","bad.spirit","spiritual.nature","external.world","mental.organization","law.of.society","infinite.love","other.cause","condition.of.thing","sort.of.work","vast.amount","mesmeric.influence","human.mind","divine.revelation","early.inhabitant","own.child","progressive.development","lower.order","same.number","mass.of.mankind","appointed.time","previous.formation","one.source","moral.faculty","intellectual.progress","like.manner","whole.family","disastrous.effect","one.person","one.road","great.dissimilarity","principle.of.morality","many.form"
"27","same.state","such.case","new.trial","reciprocal.justice","new.substance","such.circumstance","social.world","principle.of.nature","good.heaven","little.boy","order.of.thing","left.hand","one.thing","lower.part","divine.revelation","southern.tribe","worthy.friend","expansive.force","law.of.attraction","social.unity","beautiful.garden","five.minute","lower.degree","mode.of.reasoning","one.moment","serious.surface","incipient.stage","book.of.job","present.condition","phenomena.of.somnambulism","great.deal","little.patient","physical.science","organized.body","universal.testimony","clairvoyant","mineral.world","geological.history","first.volume","absolute.rule","pure.spirit","higher.form","divine.perfection","submission.to.god","true.nature","means.of.communication","later.period","path.of.righteousness","much.labor","existence.of.spirit","same.class","brotherly.kindness","perfect.adaptation"
"28","one.night","law.of.nature","one.life","present.instance","animated.nature","course.of.time","one.minute","direct.opposition","same.position","young.lady","son.of.god","organic.being","possible.means","protestant.minister","sixth.circle","unfolded.heaven","eight.year","face.of.nature","system.of.nature","iron.rod","competent.observer","five.year","other.being","true.reasoning","organ.of.vision","natural.state","social.life","first.book","man.of.science","common.cause","same.degree","moral.sense","same.idea","many.century","testimony.of.nature","certain.circumstance","material.thing","general.term","secret.power","instinctive.predisposition","new.world","distinct.type","specific.gravity","incarnation","personification.of.evil","last.night","spiritual.state","instinctive.predisposition","happy.state","many.other","physical.phenomena","three.day","ganglionic.system"
"29","magnetic.phenomena","divine.law","material.life","new.tongue","material.sense","old.woman","physical.envelope","state.of.thing","many.person","ten.year","present.day","ultimate.effect","good.care","same.error","degree.of.development","book.of.nature","fifty.year","previous.age","organic.being","spiritual.realm","ancient.temple","drop.of.water","great.part","science.of.correspondences","external.organ","second.sphere","history.of.mankind","ecclesiastical.history","human.body","many.passage","three.week","mere.machine","practical.application","celestial.love","cure.of.disease","new.life","higher.sphere","different.form","young.woman","certain.indication","scientific.research","principle.of.sensation","small.portion","general.mind","lower.spirit","remote.place","many.spirit","superior.world","future.life","different.period","attentive.observation","other.person","two.kingdom"
"30","magnetic.power","natural.consequence","only.one","mutual.dependence","divine.essence","one.evening","highest.rank","highest.conception","fourteen.year","first.sitting","political.event","independent.clairvoyance","old.woman","idea.of.justice","degree.of.refinement","higher.society","one.night","catastrophic.occurrence","principle.of.man","creation.of.man","mystic.rite","sensation.in.paris","higher.thing","natural.consequence","close.relation","one.species","such.obstacle","useless.material","internal.evidence","eternal.punishment","form.of.worship","two.state","intellectual.life","great.mystery","vital.principle","human.body","interior.quality","degree.of.refinement","good.action","short.time","first.animal","entire.change","interior.substance","organic.violation","longer.period","few.error","certain.fact","present.suffer","magnetic.effect","two.year","former.state","young.child","interior.reality"
"31","intellectual.faculty","eternal.happiness","inferior.spirit","power.of.language","various.mode","present.time","subordinate.employee","good.will","twelve.year","black.hair","previous.research","perfect.degree","sixty.year","other.science","old.testament","many.mansion","one.o.clock","general.class","internal.conviction","second.apparition","magnetic.principle","certain.part","physical.requirement","original.condition","natural.man","sphere.of.knowledge","ingenious.invention","different.answer","principle.of.truth","external.truth","same.amount","material.state","dark.spirit","general.opinion","influence.of.magnetism","one.time","higher.form","conjugal.affection","natural.result","few.day","mere.fact","lower.species","new.organization","time.to.time","physical.life","least.doubt","ordinary.law","fault.with.god","successive.life","human.intelligence","future.joy","same.order","early.inhabitant"
"32","faculty.of.medicine","right.path","material.envelope","third.society","faculty.of.wisdom","six.week","difference.between.life","free.mind","few.seconds","excellent.clairvoyance","particular.part","department.of.nature","fear.of.death","first.instance","such.thing","last.time","unseen.hand","whole.face","internal.principle","apparition.of.adele","physical.life","human.race","spiritual.goodness","external.thing","retentive.memory","material.constitution","suggestion.of.love","clear.memory","nebulous.matter","short.period","ten.commandment","good.use","happy.spirit","least.degree","frst.cause","inconceivable.centre","important.truth","primitive.nation","mental.power","future.life","physical.suffering","distinct.class","change.of.form","structure.of.man","bad.quality","good.one","magnetic.phenomena","serious.disadvantage","painful.life","certain.case","inner.language","civilized.nation","higher.spirit"
"33","magnetic.treatment","errant.spirit","physical.cause","superior.wisdom","external.appearance","other.object","top.of.society","one.possess","same.result","apparition.of.m","physical.constitution","many.conception","happy.one","serious.effort","state.of.perfection","man.on.earth","same.dress","internal.element","expansive.mind","other.word","matter.in.turn","spiritual.possession","spirit.of.wisdom","solar.system","mental.condition","strong.indication","movement.of.man","better.condition","inherent.force","allegorical.expression","great.danger","free.will","communication.of.thought","mode.of.expression","merciful.father","general.description","principle.of.motion","mythological.theology","great.whole","public.mind","such.practice","new.creation","marsupial.mammifer","muscular.fibre","private.book","material.existence","magnetic.condition","cruel.humiliation","two.memory","other.nation","doing.of.evil","dear.reader","universal.remedy"
"34","one.minute","long.time","such.individual","degree.of.purity","free.will","three.month","popular.meaning","human.system","first.appearance","twenty.year","various.sciences","historical.account","sixteen.year","medical.man","eternal.sun","spiritual.sun","several.persons","lower.type","visible.fact","solid.body","permanent.infuence","other.end","social.unity","seven.month","sense.of.vision","unerring.government","effect.of.chance","great.trouble","specific.office","antipathy.disappear","holy.religion","sixty.year","much.difficulty","original.inhabitant","eternal.banishment","subsequent.generation","perfect.organization","order.of.animal","human.judgment","spirit.of.man","idea.of.infinity","oolite.stratification","universal.benevolence","other.body","universal.thought","unfortunate.creature","full.force","source.of.injury","painful.existence","manifestation.of.nature","compound.of.spirit","principles.of.nature","supreme.degree"
"35","early.part","superior.spirit","intelligent.principle","electric.fire","human.thought","certain.quantity","creation.of.god","united.experience","such.case","one.side","mass.of.evidence","early.history","future.state","magnetic.treatment","natural.world","own.eye","several.person","lower.species","external.sense","intellectual.faculty","complete.separation","state.of.health","own.spirit","mental.condition","jewish.nation","useless.life","trial.with.courage","much.unhappiness","production.of.man","dark.spirit","principle.of.nature","such.case","much.pain","spiritual.signification","two.person","many.portion","great.sun","highest.order","spiritual.principle","human.society","proper.place","whole.process","true.prophet","mutual.affinity","first.one","beneficent.spirit","primitive.formation","former.personality","phenomena.of.somnambulism","moral.nature","influence.of.matter","local.prejudice","terrestrial.sun"
"36","seven.o.clock","common.sense","supreme.happiness","court.of.justice","other.part","divine.wisdom","first.requirement","first.sphere","one.night","good.woman","human.eye","origin.of.language","vicarious.atonement","own.idea","natural.result","many.other","same.place","fifth.day","other.process","adequate.conception","material.impressions","par.le","corporeal.being","french.academy","other.light","nine.o.clock","one.existence","worse.existence","stellar.system","other.action","visible.manifestation","future.existence","past.life","internal.signification","large.family","central.america","material.form","interior.of.asia","conventional.law","atmosphere.of.light","form.of.atonement","exogenous.plant","various.disease","proper.understanding","same.source","many.circumstance","historical.period","statement.of.spirit","sudden.transition","component.part","perfect.happiness","peace.of.society","one.sun"
"37","ten.year","two.soul","instinct.of.self","personal.observation","whole.system","human.action","underdevelop.people","many.age","piece.of.paper","second.time","social.condition","interior.prompting","few.step","alarming.state","visible.effect","own.judgment","blue.sky","other.period","true.cause","earthy.formation","possible.harm","eminent.physician","physical.makeup","greatest.geniuse","book.of.psalm","one.hand","own.trouble","condition.as.man","physical.sciences","excellent.lucidity","mental.power","moral.world","first.person","first.opinion","good.one","vocal.organ","general.law","original.inhabitant","many.case","human.happiness","particular.mission","subsequent.period","many.phenomena","original.law","very.moment","different.condition","more.intelligence","happier.world","third.person","eternal.law","mystery.of.creation","unchangeable.law","one.side"
"38","magnetic.effect","physical.existence","two.spirit","slightest.degree","principle.of.nature","one.half","malicious.deity","spiritual.refinement","sight.of.god","brown.hair","important.point","many.doctrine","same.night","communication.of.thought","eternal.motion","next.world","such.thing","different.period","internal.cause","true.artist","one.point","number.of.person","supreme.happiness","same.description","spiritual.character","magnetic.life","wealthy.people","year.of.age","large.portion","place.of.punishment","various.form","moral.nature","different.species","floral.kingdom","magnetic.state","origin.of.evil","universal.law","european.continent","great.end","voice.of.nature","eternal.bliss","heavenly.body","appearance.of.innocence","new.particle","other.life","perfect.expression","one.case","vague.nightmare","one.individual","perfect.precision","point.of.view","future.generation","luminous.glob"
"39","same.result","intellectual.development","point.of.view","study.of.animal","human.nature","own.happiness","attribute.par","power.of.thought","angel.of.light","good.deal","divine.revelationd","new.testament","six.o.clock","kind.of.sphere","undefinable.space","spiritual.existence","several.question","present.time","truth.by.analogy","perfect.order","proper.time","two.friend","universal.fuid","blind.man","magnetical.phenomena","spiritual.world","physical.poverty","own.image","much.light","sole.occupation","proper.conception","external.object","presence.of.mind","third.chapter","superior.spirit","african.continent","real.reality","human.race","impressive.dream","individual.interest","trial.with.resignation","seven.o.clock","worst.wickedness","geological.development","first.volume","manifestation.of.intelligence","solar.plexus","unknown.past","first.circle","universal.sympathy","degree.of.knowledge","process.of.gestation","centre.of.worlds"
"40","somnambulic.faculty","human.law","own.thought","truth.of.animal","immutable.law","twelve.hour","bad.deed","proper.development","little.child","auburn.hair","physical.strength","vital.power","certain.hymn","three.heaven","system.of.suns","moral.condition","ten.year","period.of.time","essential.quality","general.classification","ecstatic.sleep","other.source","faculty.of.ghostseeing","ancient.philosopher","academic.royale","first.time","kind.of.trouble","same.manner","particle.of.light","immense.number","false.sheath","particular.sense","perfect.health","previous.writer","gift.of.god","greek.language","degree.of.perfection","aboriginal.inhabitant","various.object","general.principles","disastrous.consequence","physical.life","own.act","local.cause","religious.belief","such.individual","certain.spot","one.try","several.million","other.kind","human.weakness","distinct.evidence","vital.spirit"
"41","organ.of.sense","former.life","pure.spirit","mode.of.treatment","muscular.motion","natural.cause","devils.appeal","mechanical.improvement","many.other","word.of.god","medical.profession","spirit.of.prophecy","white.coat","two.body","possible.use","spiritual.one","later.period","many.ag","new.form","first.animal","state.of.innocence","considerable.sensation","greater.facility","strong.person","effect.of.animal","mathematical.solution","inferior.life","many.year","local.hostility","such.thing","good.mind","inductive.conclusion","surgical.operation","teaching.of.christ","other.idea","valley.of.shinar","ultimate.design","soft.bark","condition.of.man","freeborn.mind","other..s","right.word","deceptive.innocence","relation.of.cause","state.of.catalepsy","bad.action","black.coat","magnetic.dream","short.distance","favorable.circumstance","most.sincere","unity.of.interest","human.comedy"
"42","other.subject","course.of.time","life.after.death","young.physician","least.particle","human.faculty","word.of.christ","system.of.theology","young.girl","hollow.eye","fact.in.question","moral.sensibility","one.day","own.image","first.society","full.acceptation","third.party","various.portion","original.element","previous.period","ecstatic.state","royal.touch","somnambulic.state","physical.life","one.occasion","important.revelation","standard.of.comparison","two.worlds","sectarian.prejudice","same.enjoyment","exalted.degree","natural.sensis","organic.life","christian.religion","heart.of.man","higher.spirit","eternal.truth","same.goal","prophecy.of.isaiah","principles.of.man","moral.suffer","loved.one","village.of.prevorst","different.part","incarnation","good.thought","treatise.on.heaven","evil.spirit","perfect.example","one.century","human.soul","human.family","other.side"
"43","physical.organ","ancient.time","natural.law","human.passion","original.cause","little.reward","heart.of.human","moral.law","two.person","human.society","action.of.spirit","infinite.variety","same.time","white.robe","material.substance","silly.pride","such.experiment","ultimate.particle","condition.of.matter","line.of.variation","such.power","honourable.robert","three.hour","intellectual.superiority","netic.sleep","one.person","clairvoyance","old.age","teaching.of.jesus","occult.science","theological.speculation","ultimate.state","other.means","golden.rule","black.man","idle.curiosity","solar.system","moment.of.conception","own.testimony","condition.of.mankind","sun.of.grace","open.window","magnetic.life","great.whole","philosophical.dictionary","man.on.earth","three.hour","great.difficulty","magnetic.operation","beautiful.city","abominable.superstition","original.type","possible.union"
"44","organic.life","important.truth","lower.order","human.pride","distributive.justice","agricultural.association","common.knowledge","great.reformer","three.week","normal.state","eternity.of.sorrow","stratum.of.society","world.of.cause","three.day","general.mind","universal.knowledge","same.answer","interior.quality","perpetual.progression","human.family","same.medium","george.winter","first.time","moral.trespass","magnetical.action","few.word","own.family","thousand.year","various.cause","general.property","theological.interpretation","organic.system","sun.of.righteousness","general.resurrection","kind.of.instruction","errant.state","first.form","female.form","invisible.being","inward.reality","seven.year","large.number","young.man","perfect.order","interest.of.mankind","small.table","much.prudence","material.man","immaterial.being","more.fear","air.of.pomposity","historical.record","same.sense"
"45","sense.of.hearing","other.hand","various.degree","freedom.of.conscience","exterior.manifestation","system.of.labor","allegorical.narrative","tree.of.righteousness","ecstatic.state","similar.manner","power.of.god","human.character","many.magnetizer","question.to.m","manifestation.of.nature","false.position","spiritualist","progressive.ascension","grand.result","higher.truth","above.description","same.approval","same.time","inferior.existence","twelve.foot","ecstatic.adele","different.nation","spiritual.truth","intuitive.knowledge","influence.of.spirit","celestial.being","degree.of.perfection","whole.time","legal.profession","such.existence","means.of.advancing","interior.principle","one.person","superior.association","human.body","clairvoyant","short.time","numerous.instance","eighth.planet","moral.principle","real.name","correct.understanding","many.year","modern.acceptance","exclusive.privilege","external.impressions","spiritual.sympathy","clear.solution"
"46","phenomena.of.animal","same.subject","deep.sleep","demoniacal.influence","new.principles","two.thirds","reference.to.creation","spiritual.interpretation","several.year","three.year","great.difference","convulsive.movement","such.vision","material.globe","cause.to.effect","such.revelation","left.eye","immense.mass","general.principle","direction.of.wisdom","own.sister","bad.temptation","certain.place","disabled.person","other.matter","separation.from.matter","mental.answer","present.day","field.of.battle","own.hand","early.life","true.conception","treatment.of.disease","chief.object","own.experience","past.fault","same.law","degree.of.knowledge","state.of.sleep","accordance.with.nature","three.year","little.niece","one.nation","former.planet","nerve.of.sensation","young.person","magnetic.state","good.one","greek.root","ecstatic.trance","powerful.action","divine.truth","human.soul"
"47","variety.of.action","soul.of.animal","same.spirit","six.month","three.part","moral.excellence","figurative.expressions","spiritual.power","little.angel","two.day","clear.space","ordinary.condition","great.benefit","one.word","test.of.truth","solid.body","same.question","subsequent.condition","various.species","first.society","certain.individual","simple.spirit","will.of.god","weakness.of.youth","physical.sensibility","ten.year","much.study","four.hour","many.revelation","admission.into.heaven","allegorical.representation","elementary.substance","magnetic.fluid","valuable.information","two.principle","errant.life","same.species","two.leg","visible.world","beauty.of.nature","many.other","earthly.existence","human.system","particular.point","various.portion","little.boy","highest.class","spiritual.man","root.daimon.signify","verbal.speech","process.of.metamorphosis","interior.perception","dear.friend"
"48","two.minute","degree.of.perfection","various.degrees","spiritual.existence","great.divine","less.material","false.statement","private.practice","ten.day","interior.organ","material.object","soul.suffer","voice.of.god","distinction.of.sect","positive.power","imperfect.manner","thousand.other","gross.form","universal.truths","amount.of.labor","great.number","essential.love","few.hour","bad.predisposition","alarming.symptom","same.emotion","single.step","protective.policy","prevalence.of.ignorance","same.amount","tree.of.righteousness","different.type","attack.of.epilepsy","six.series","case.of.conscience","kind.of.existence","whole.creation","witch.of.endor","unhappy.spirit","lower.class","wooden.leg","same.thing","magnetic.power","igneous.mass","human.imagination","different.period","great.ecstatico","same.way","natural.aptitude","good.reason","different.law","race.of.mankind","beneficial.effect"
"49","magnetic.pass","physical.being","absolute.perfection","many.error","other.thing","darkness.to.light","two.life","one.hand","five.year","few.particular","further.detail","mute.person","six.day","opposite.side","higher.state","constitution.of.man","excellent.clairvoyante","saurian.species","accordance.with.nature","labor.of.other","first.part","shameful.nature","intimate.union","duty.for.parent","right.path","interval.of.time","such.use","seven.time","system.of.practice","natural.tendency","false.prophet","moral.quality","nine.o.clock","clerical.associations","same.state","new.struggle","whole.body","whole.world","long.time","various.degree","material.thing","many.man","suffering.of.humanity","lower.strata","imaginary.being","distant.view","little.clairvoyante","external.influence","false.idea","material.world","watery.element","social.world","dead.man"
"50","curiious.fact","moral.law","impure.spirit","prior.existence","one.part","bad.action","name.of.god","general.mass","good.mother","later.period","evil.influence","more.disadvantage","pink.cap","brilliant.sun","great.truth","spiritual.constitution","last.one","atmospheric.envelope","constant.desire","departments.of.society","personal.existence","full.display","few.man","sacred.mission","radical.difference","earthly.love","apparition.of.spirit","abnormal.state","scientific.academy","first.volume","various.book","greatest.geniuse","spiritism","other.thing","other.nation","mere.machines.upon","sphere.of.existence","general.law","many.other","theological.world","same.person","spiritual.phenomena","several.class","species.of.vegetation","birth.of.jesus","same.facility","spiritual.knowledge","one.word","earthly.affections","spiritual.body","chronological.period","many.account","seventeenth.century"
"51","physical.insensibility","moral.teaching","bodily.organ","mode.of.being","whole.universe","superior.spirit","fit.of.somnambulism","universal.source","three.foot","spiritual.clairvoyance","same.manner","female.form","permission.of.god","fine.carrot","spiritual.elevation","second.sphere","personal.appearance","composition.of.coal","physical.power","two.part","degree.of.firmness","true.character","different.species","good.reason","possible.tendency","being.in.existence","new.life","second.sphere","manual.contact","object.think","celestial.dignity","whole.time","future.happiness","whole.creation","interior.meditation","past.existence","new.form","upper.strata","one.person","other.country","same.place","spirit.of.darkness","new.development","great.force","individual.existence","hundred.time","work.of.swedenborg","first.volume","pretty.girl","studious.man","one.age","first.book","few.person"
"52","magnetic.relation","three.thing","clear.conscience","human.intelligence","single.moment","same.result","same.woman","other.thing","next.morning","occult.sciences","such.thought","white.spirit","world.of.spirit","same.force","inner.life","infinite.progression","mere.illusion","great.extent","divine.revelation","expansible.fluid","same.effect","many.trait","such.form","more.value","strange.event","single.fact","human.action","absolute.knowledge","such.person","same.right","divine.origin","remarkable.circumstance","present.life","primitive.existence","interior.truth","vague.perception","law.of.association","progressive.development","separation.from.matter","sectarian.affection","interval.of.time","physical.cause","inclined.position","early.conception","immaterial.being","few.word","same.condition","great.number","thousand.time","world.of.thought","different.degree","theological.system","intelligent.nature"
"53","regular.course","power.of.nature","new.incarnation","large.stone","one.man","occult.magnetism","bad.dream","great.number","three.time","right.eye","good.sense","inexplicable.noise","little.attention","special.mission","subordinate.sphere","human.spirit","female.friend","solution.of.lime","general.contemplation","agitation.after.death","physical.world","sort.of.lesson","domestic.happiness","few.hour","same.time","spiritual.law","time.to.time","other.planets","similar.one","celestial.spirit","prominent.feature","specific.relation","previous.life","more.attention","congenial.influence","useful.end","whole.animal","class.of.animal","few.instant","superior.situation","such.apparition","other.crime","divine.law","submissive.child","full.possession","two.day","sixty.year","earthly.life","large.number","one.word","perfect.purity","second.book","true.religion"
"54","bright.form","same.level","bad.use","great.pleasure","first.part","latter.desire","d.orval.prediction","power.of.observation","forty.year","last.moment","mark.of.distinction","two.orphan","good.health","similar.persuasion","other.planets","divine.creation","hundred.franc","intermediate.position","progressive.development","social.custom","progress.of.knowledge","justice.of.god","much.precision","french.language","many.person","much.time","sense.of.honor","relative.distance","same.word","apparition.of.soul","true.faith","mesmeric.coma","instinctive.predisposition","new.one","human.mind","makes.temporary.unawareness","degree.of.refinement","previous.formation","such.trifle","social.harmony","one.condition","nauseous.smell","simple.element","apparent.innocence","such.perfection","view.at.distance","such.case","physical.world","real.existence","law.of.matter","deceptive.expression","vast.number","few.foot"
"55","good.angel","moral.life","sort.of.intuition","commercial.interest","spirit.of.man","frame.of.mind","destruction.of.paris","organization.of.man","three.minute","dark.flaxen","personal.safety","material.form","decisive.experiment","few.fact","spiritual.composition","early.impressions","different.nation","previous.period","many.portion","faculty.of.man","true.relation","much.deeper","future.time","two.foot","only.one","holy.book","condition.of.existence","normal.state","more.heat","different.way","moral.philosophy","muscular.sense","past.fault","divine.mind","delicious.fruit","former.action","celestial.form","further.side","ascension.of.idea","theological.system","kind.of.information","celestial.happiness","unbroken.chain","innocence.of.child","equal.aptitude","few.minute","thousand.of.spirit","external.world","X1.am","fresh.notions","appalling.catastrophe","teaching.of.jesus","pure.intelligence"
"56","somnambulic.state","progress.of.humanity","entire.past","four.hour","affections.of.man","difficult.matter","young.prince","only.hope","eight.minute","rapport.with.adele","spiritual.state","same.time","good.intention","prefatory.remark","vast.univercoelum","superior.qualifications","same.difficulty","various.place","new.theory","own.image","brief.description","bad.influence","divine.gift","three.month","long.discourse","perfect.equality","same.principle","many.month","atmosphere.of.liberty","right.hand","unfavorable.report","love.of.goodness","ordinary.eye","tree.of.knowledge","man.of.science","kind.of.fault","interior.essence","other.purpose","spiritual.state","universal.industry","whole.life","strange.spirit","chemical.property","greatest.love","bad.become","being.on.earth","small.piece","many.degree","many.person","more.person","future.occurrence","past.investigation","point.of.philosophy"
"57","angel.of.light","few.year","human.phase","great.number","utmost.conception","such.transmission","little.knowledge","intellectual.endowment","last.time","observation.of.m","superior.spirit","other.spirit","christian.name","remark.in.order","fifth.circle","central.power","clear.complexion","arctic.region","interior.cause","voice.of.god","same.cause","medical.consultation","magnetic.somnambulism","kind.of.perception","magnetic.state","kind.of.madness","other.existence","period.of.revolution","benevolent.man","second.fact","cause.of.civilization","X.these.spirit","one.morning","mental.phenomenon","many.place","guilty.of.committing","spiritual.existence","other.mountain","last.question","general.harmony","spiritual.eye","same.inclination","general.observer","sweet.affection","life.of.wickedness","much.suffering","month.of.march","gelatinous.substance","dark.point","transmission.of.thought","many.prophecy","hereditary.impressions","principle.of.love"
"58","material.object","bad.one","spiritual.world","tyrannical.sceptre","positive.principle","such.description","adele.asleep","universal.peace","good.thought","little.brothers","life.of.man","hundred.time","information.with.respect","amount.of.confidence","circle.of.sun","spiritual.zion","interest.of.truth","pacific.ocean","subordinate.creation","one.part","other.means","own.eye","spiritual.sphere","social.position","other.case","such.truth","vain.attempt","hundred.million","social.relation","magnetic.clairvoyance","different.phase","endless.nature","dead.child","extensive.generalization","general.principle","dominant.aspect","highest.degree","many.case","observation.of.m","exclusive.class","least.affect","sole.happiness","particular.description","same.law","low.world","two.window","class.of.society","curiious.fact","room.for.doubt","earthly.object","universal.belief","christian.world","natural.result"
"59","first.time","existence.of.spirit","same.time","power.of.man","two.force","two.reason","sensitive.part","interest.of.other","evil.thought","dead.v","foot.under.ground","magnetic.sleep","much.respect","poetical.image","interior.principle","spiritual.habitation","kind.of.death","original.conception","suggestion.of.love","material.existence","great.centre","other.spirit","natural.sphere","knowledge.of.man","glass.of.water","book.of.life","own.being","first.ring","positive.fact","entire.confirmation","wholesome.advice","new.trial","other.sound","essential.quality","spiritual.development","inferior.standing","other.word","present.era.","studious.man","human.wisdom","honest.soldier","great.thing","constant.evolving","human.conception","similar.degree","lower.spirit","electric.fluid","flash.of.light","one.experiment","own.experience","orphic.praise","one.occasion","process.of.progression"
"60","same.manner","one.day","other.spirit","intellectual.nature","various.change","decease.person","thousand.year","vast.rebellion","great.deal","thirty.year","material.creation","such.truth","last.moment","logical.solution","interior.cause","creative.essence","future.existence","human.type","robust.health","immortal.life","million.of.suns","own.image","physical.connexion","science.of.magnetism","higher.sphere","unexpected.revelation","other.purpose","ten.hour","whole.system","general.principles","good.spirit","incarnate.spirit","upper.room","remotest.period","remote.region","tyrants.by.slavery","mode.of.existence","tertiary.period","such.kind","inferior.circumstance","satirical.balzac","fair.man","present.formation","first.day","impure.spirits","twelve.o.clock","condition.of.existence","middle.age","other.state","present.position","second.psalm","such.man","original.principle"
"61","same.instant","good.spirits","same.age","opposite.nature","chain.of.sympathy","own.part","true.god","one.foundation","first.time","same.size","spirit.of.darkness","same.radius","thick.eyebrow","certain.folk","destruction.of.jerusalem","spiritual.universe","interior.impression","first.place","gift.of.healing","celestial.happiness","exterior.development","portrait.of.m","mental.capacity","condition.of.thing","associations.of.man","pure.truth","only.inhabitant","first.satellite","such.cause","true.reasoner","such.thing","mental.impairment","last.time","universal.sympathy","region.of.space","bad.son","mind.of.man","early.period","equal.degree","new.invention","astounding.alexandre","son.of.man","normal.state","human.organism","existence.of.being","fair.comparison","one.chain","wrong.path","first.life","actual.state","spiritual.kingdom","present.state","power.of.intelligence"
"62","two.person","good.thing","own.pleasure","one.body","same.principles","first.proposition","ten.commandment","one.interest","red.velvet","foreign.spirit","inferior.spirits","present.position","second.time","celestial.society","practical.utility","immense.ocean","name.of.jesus","very.moment","great.infuence","apparition.of.bruno","field.of.nature","great.astonishment","general.way","amount.of.evidence","human.mind","more.facility","effect.of.faith","long.period","dear.friend","rational.mind","en.rapport","characteristic.predisposition","nervous.irritation","one.feature","second.class","idle.by.subjection","general.truth","inhabitant.of.asia","same.quantity","social.reform","piquant.alphonse","eighty.year","close.relation","other.part","metaphorical.form","rebellious.child","geological.epoch","degree.of.deviation","same.ray","great.weight","kingdom.of.jesus","certain.point","first.principle"
"63","two.day","future.life","happiness.of.spirit","organ.of.sense","less.degree","ordinary.size","commandment.of.god","free.inquiry","crown.of.gold","transmission.of.thought","few.truth","right.hand","better.world","gross.error","sphere.of.thought","important.office","ten.o.clock","other.body","huge.difference","modest.somnambulist","present.class","two.way","perfect.harmony","careful.step","great.ocean","spiritual.property","tranquillity.of.mind","increase.of.density","high.degree","reasonable.amount","thousand.year","cerebral.organ","evil.one","unchangeable.truth","many.species","relentless.labor","inner.life","sensuous.perception","number.of.thought","sectarian.doctrine","philanthropic.eugene","third.day","distinct.species","eternal.progression","sole.aim","extend.beyond.infinity","physical.science","transform.into.hatred","spiritual.light","court.of.cassation","less.distinctness","same.medium","adaptation.of.means"
"64","normal.condition","intimate.union","two.child","scientific.investigation","mechanical.force","deed.of.property","direct.communication","noble.character","whole.day","fifty.year","individual.spirit","natural.world","same.sitting","same.belief","single.thought","fall.of.humanity","nine.o.clock","higher.degree","skilled.musician","superior.being","innumerable.shell","more.ample","solar.system","general.truth","only.medium","several.experiment","exterior.form","other.portion","illustrious.personage","first.development","educated.man","ignorant.individual","state.of.exaltation","next.development","only.form","like.manner","original.cause","mode.of.expression","human.being","various.sect","three.cause","mental.structure","general.uniformity","new.one","strong.impact","type.of.existence","cylindrical.form","ecstatic.trance","longer.time","moral.evil","many.theologian","little.time","new.effect"
"65","bad.angel","two.spirit","source.of.happiness","such.theory","medium.of.communication","piece.of.land","communication.with.god","own.species","white.robe","flat.band","certain.case","mental.faculty","public.mind","certain.time","external.appearance","entire.conviction","ultimate.goal","delicate.form","good.music","external.manifestation","osseous.portion","own.age","other.attribute","tangible.effect","optic.nerve","four.hour","suitable.form","higher.position","free.investigation","motive.power","singular.fact","certain.organ","same.manner","further.research","density.of.quicksilver","two.year","must.of.necessity","previous.inhabitant","very.moment","unbounded.confidence","various.state","different.process","such.discrepancies","many.ag","allegory.of.fortune","action.on.matter","amount.of.power","electrical.influence","future.one","divine.wisdom","legitimate.conclusion","third.part","actual.demonstration"
"66","several.month","distinct.being","same.order","contemplation.of.nature","state.of.progression","much.wit","word.of.god","human.action","little.wing","square.handkerchief","two.question","human.society","aged.woman","superior.state","present.moment","treatise.on.heaven","same.figure","earthy.formation","bad.instrument","various.subject","immense.height","old.woman","more.sublime","internal.truth","tympanic.membrane","same.disease","perfection.of.love","least.degree","unrestricted.exercise","other.body","very.spot","different.specifc","old.man","extensive.discussion","sulphuric.acid","highest.degree","material.organization","same.nation","human.affections","lowest.rank","greater.number","intimate.connexion","spiritual.inhabitant","such.body","modern.individual","such.impairment","state.of.animal","X2d.of.may","such.restraint","proper.investigation","deed.of.charity","higher.sphere","uniformity.of.motion"
"67","certain.thing","point.of.view","new.life","indestructible.attribute","great.mind","small.room","first.man","united.interest","little.creature","brown.color","material.law","external.world","expressive.eye","absolute.truth","period.of.time","material.life","more.difficulty","present.form","good.musician","executive.power","spinal.column","profound.grief","interior.quality","general.manifestation","ordinary.share","holy.mystery","perfect.constitution","first.inhabitant","new.truth","mechanical.principle","eleven.o.clock","greatest.crook","such.conversation","more.step","absolute.certainty","one.place","spiritual.essence","inhabitant.of.yucatan","year.on.earth","organ.of.sight","few.drop","geological.formation","physical.law","superior.judgment","radiant.being","functional.distress","manifest.sympathy","same.evening","immortal.life","condition.of.society","medical.assistance","wrong.foundation","chain.of.development"
"68","mode.of.operating","period.of.time","many.time","mental.effort","other.existence","woman.at.verdun","other.ceremony","general.benevolence","advanced.age","fine.forehead","psychological.science","freeborn.mind","other.son","human.part","present.day","continual.influence","nervous.system","first.form","law.of.love","field.of.science","more.force","little.confidence","nebulous.form","magnetic.power","share.of.magnetism","such.condition","subordinate.possession","similar.manner","erudite.man","inherent.truth","old.soldier","certain.brain","other.clairvoyante","traditional.account","several.species","same.work","highest.form","gulf.of.mexico","eternity.of.happiness","man.on.earth","glass.of.sugar","original.form","globular.form","interior.approbation","symbol.of.purity","one..s","previous.formation","magnetic.man","physical.notion","various.way","outer.form","corrupt.condition","unity.of.action"
"69","one.subject","certain.amount","human.nature","other.being","one.form","poor.people","hand.of.man","delicious.fruit","four.year","dead.body","new.world","professional.man","madame.duteil","decided.movement","spiritual.sphere","material.form","man.on.earth","interior.element","honest.labor","world.of.mankind","interior.power","own.name","useful.instrument","wrong.conclusion","muscular.power","work.on.philosophy","desire.of.love","modern.day","many.sphere","period.of.creation","wooden.shoe","structure.in.order","material.one","characteristic.of.mankind","two.lob","manifestation.of.nature","form.of.man","portion.of.europe","great.thing","physical.influence","state.of.man","species.of.plant","ejection.of.rock","human.knowledge","attribute.of.bestiality","bright.form","lowest.type","occular.illusion","beautiful.expression","irresistible.impression","future.event","great.amount","form.of.life"
"70","pure.spirit","short.period","action.of.matter","peculiar.prominence","new.sphere","four.hour","birth.of.christ","tree.of.evil","place.of.purification","thin.lip","le.loyer","other.member","first.person","last.breath","general.principles","same.time","spirit.in.heaven","internal.portion","good.result","general.law","garden.of.eden","word.of.god","perfect.knowledge","same.principle","power.of.speech","lucid.somnambulist","distinct.sense","primitive.record","many.opinion","theological.speculator","perfect.condition","development.of.muscle","such.revelation","own.person","general.chain","previous.generation","rudimental.sphere","conception.of.architecture","present.scene","same.degree","intellectual.world","same.circumstance","manifest.reason","main.feature","lowest.passion","year.of.age","different.condition","unaccountable.sound","active.force","motion.of.matter","ethnic.group","true.principles","proper.means"
"71","first.case","inevitable.consequence","degrees.of.perfection","peculiar.mode","great.subject","sole.purpose","other.medium","natural.sphere","same.day","lower.lip","proper.investigation","inhuman.proceedings","white.cravat","such.effect","physical.organization","few.observation","first.time","interior.composition","external.appearance","source.of.knowledge","useful.agent","several.hour","universal.love","law.of.causation","own.case","few.passage","higher.habitation","previous.book","essential.property","class.of.idea","other.writer","muscle.by.movement","opposite.side","vocal.language","verbal.communication","many.age","material.world","nation.after.nation","mass.of.detail","six.month","number.of.question","distinct.species","imponderable.element","great.amount","actual.personality","last.time","extreme.difference","evil.thought","natural.sphere","united.action","circular.movement","real.principle","composition.of.animal"
"72","same.circumstance","many.case","different.form","mode.of.conversation","utter.impossibility","same.phenomenon","young.traveller","legitimate.effect","influence.of.hallucination","violent.palpitation","sense.of.justice","intellectual.progress","poor.child","own.law","primitive.history","spiritual.experiment","many.thing","other.composition","active.life","such.knowledge","historical.record","one.step","many.degree","constant.manifestation","inner.principle","main.feature","last.stage","arbitrary.law","new.form","early.family","general.impression","trivial.comparison","strong.man","legitimate.child","passion.of.envy","high.order","whole.system","grammatical.rule","heart.of.man","brother.alphonse","supreme.power","four.month","new.condition","immutable.law","allegory.of.time","beautiful.countenance","important.discovery","other.fact","external.object","specific.force","movement.of.object","true.philosophy","imperceptible.motion"
"73","lower.extremity","moral.quality","normal.state","sweep.intellect","one.half","same.trial","sense.of.justice","national.wretchedness","malicious.trick","right.leg","human.magnetism","mental.power","single.instant","lowest.degree","present.condition","bad.faith","easy.matter","species.of.tree","interior.truth","great.good","inexhaustible.vortex","sixty.mile","composition.of.water","degree.of.refinement","familiarly.understood","many.way","whole.society","two.account","only.basis","one.speech","small.plant","truthful.one","single.word","social.constitution","previous.inhabitant","present.era","various.part","mental.world","single.doubt","four.year","sense.of.justice","physical.appearance","aspect.of.thing","science.of.anatomy","other.soul","three.heaven","same.author","nine.year","second.sphere","face.of.creation","own.whim","internal.evidence","intelligent.being"
"74","new.mode","human.be","lowest.depth","amount.of.self","perfect.principle","same.fear","best.feeling","sectarian.institution","four.person","short.neck","abnormal.state","unchangeable.principle","seventy.year","last.day","visible.appearance","apparition.of.m","brilliant.light","consequent.result","manifestation.of.nature","apparent.contradiction","possible.conception","precise.hour","new.existence","rotary.motion","power.of.concentration","physical.organization","poor.man","book.of.matthew","proper.understanding","external.sign","perfect.animal","facial.sign","similar.phenomena","theological.speculation","manner.of.deception","similar.form","essential.principle","central.power","lucidity.of.adele","whole.eternity","different.process","other.earth","imperfect.type","human.body","other.time","heavy.burden","royal.society","happy.state","celestial.sphere","same.cause","new.fact","own.mind","ray.of.light"
"75","nervous.fluid","spiritual.being","whole.race","work.of.nature","superficial.view","firm.step","nasal.organ","combination.of.figure","same.point","ask.for.m","particular.way","negative.substance","general.appearance","part.of.africa","one.moment","god.of.heaven","good.spirit","inconceivable.agitation","external.world","geological.development","youthful.mind","magnetic.condition","full.development","six.satellite","essential.quality","external.sense","therapeutical.agent","one.sentence","great.power","eastern.nations","inherent.principle","dark.form","whole.creation","theological.speculator","minor.building","one.century","form.of.matter","intermediate.period","confidence.in.god","kind.of.clairvoyance","united.mass","polar.hemisphere","higher.strata","same.principles","last.sitting","own.eye","ancient.author","very.day","fifth.circle","celestial.sphere","invisible.population","process.of.development","different.body"
"76","deep.sleep","vital.principle","degree.of.goodness","unfolding.of.knowledge","new.element","rational.idea","secondary.formation","physical.dissolution","whole.night","great.work","principle.of.life","whole.sphere","divine.mind","other.lands","internal.reality","material.globe","last.sitting","other.element","moral.principle","unity.of.action","many.instance","inner.life","various.solution","other.satellite","specific.quality","previous.generation","difficult.problem","life.of.christ","whole.of.nature","water.into.blood","future.development","other.world","poor.workman","previous.nation","certain.species","mode.of.expression","accumulation.of.particle","musical.instrument","angelic.spirit","moral.condition","external.representation","much.discussion","bosom.of.nature","positive.mind","six.year","evil.influence","argument.in.favour","old.man","whole.univercoelum","eternal.attribute","observation.of.fact","species.of.animal","new.body"
"77","other.physician","individuality.after.death","same.body","second.day","degrees.of.creation","intellectual.development","gastric.juice","medical.theory","small.town","social.condition","physical.science","second.sphere","principle.of.nature","immutable.teaching","natural.organization","precise.information","same.manner","external.element","external.circumstance","departments.of.science","valley.near.jerusalem","relation.of.cause","different.mode","primary.coating","peculiar.sphere","serous.surface","moral.constitution","remarkable.history","external.proof","association.of.mechanic","external.evidences","many.year","two.lady","internal.meaning","brazen.image","vocal.sound","law.of.motion","one.society","personal.individuality","state.of.somnolency","particular.kind","carboniferous.formation","universal.change","united.action","world.of.cause","time.in.heaven","effect.of.animal","good.man","cortical.glands","inconceivable.space","absurd.error","intellectual.development","organized.form"
"78","fifteen.minute","spiritual.soul","similar.nature","natural.process","organized.substance","five.per","functional.operation","external.surface","one.evening","condition.of.man","physical.fact","spiritual.condition","internal.desire","exalted.conception","natural.sense","spiritual.glob","sort.of.image","higher.species","true.form","appearance.of.thing","marvellous.power","inward.conviction","much.importance","calculation.in.reference","erroneous.conclusion","negative.fluid","powerful.mag","clairvoyant","general.principle","article.of.agreement","universal.principle","few.hour","number.of.time","literal.signification","hereditary.impression","grammatical.form","external.thing","mission.with.resignation","nature.of.man","mere.mention","chemical.analysis","higher.species","perfect.type","undeviating.tendency","such.thought","ordinary.state","many.member","later.period","vortex.of.love","reciprocal.action","degree.of.purifcation","intelligent.being","two.hemisphere"
"79","spiritual.faculty","single.individual","eternal.life","particle.of.signification","external.action","elevation.of.water","eternal.law","different.sphere","four.time","book.of.jam","divine.intelligence","independent.state","deal.of.gentleness","seed.of.disunity","spiritual.sense","grand.system","state.of.somnambulism","other.strata","tree.of.knowledge","deep.meditation","intuitive.knowledge","inconceivable.attribute","concert.of.action","seven.day","proper.comprehension","perfect.health","modern.science","good.spirit","effort.of.nature","mechanical.labor","more.truth","new.state","six.week","similar.manner","power.of.imagination","primitive.family","spiritual.nature","like.manner","external.representation","other.man","unparticled.matter","full.development","different.mode","particle.in.nature","love.in.heaven","city.in.heaven","higher.phenomena","spiritual.law","fount.of.purity","distributive.justice","presence.of.spirit","different.opinion","spontaneous.result"
"80","academy.of.medicine","social.standing","spiritual.faculty","state.of.being","passive.faculty","mental.light","various.color","foreign.substance","superior.love","moral.reform","mineral.form","state.of.clairvoyance","universal.love","constitution.of.nature","power.of.self","one.material","good.heaven","one.stratum","solemn.veneration","less.dense","medicinal.property","many.month","two.nation","igneous.mass","infinite.number","magnetic.subject","ordinary.course","thus.man","theory.of.creation","agri.mechanical.association","way.of.note","few.seconds","former.time","form.of.language","physical.occurrence","language.of.correspondences","department.of.nature","same.degree","physical.system","one.man","similar.principle","lowest.type","cretaceous.strata","law.of.motion","many.being","hundred.leagu","unmeasured.term","spiritual.state","natural.universe","particle.in.being","false.scholar","class.of.plant","direct.influence"
"81","interesting.case","work.of.creation","semi.material.envelope","more.uniformity","independent.power","other.people","material.element","other.term","two.foot","such.individual","indefinite.number","evident.fact","lower.strata","righteous.man","universal.motion","madame.gouget","hopeless.condition","intermediate.strata","reality.of.thing","earthy.substance","kingdom.of.heaven","several.part","european.continent","four.day","former.animal","better.term","thing.in.dream","same.degree","specific.character","cry.of.terror","mechanical.construction","captious.question","violent.fever","invisible.spirit","own.creation","minor.thought","elliptic.orbit","perfect.unity","particular.phenomena","happiness.of.mankind","other.means","type.in.existence","active.principle","original.condition","much.trouble","article.of.furniture","extraordinary.violence","second.time","more.ease","other.region","noble.use","known.law","constant.yearning"
"82","notorious.fact","essential.nature","superior.spirits","beautiful.thought","other.faculty","same.signification","general.class","present.sphere","several.hour","pathological.state","specific.manner","science.of.correspondences","line.of.demarcation","own.member","one.substance","variety.of.form","first.day","great.change","various.part","condensation.of.particle","superior.wisdom","proper.knowledge","corresponds.to.barrenness","fluid.mass","general.disposition","other.progression","only.type","twelve.year","true.conception","several.minute","original.nature","two.cause","several.day","oriental.mythology","strength.of.assertion","hieroglyphical.character","degree.of.development","whole.body","physical.nature","unfortunate.situation","specific.effect","prominent.species","former.one","species.of.animal","superior.heaven","sort.of.experiment","unprofessional.reader","appointed.time","several.occasion","general.use","fgurative.representation","constant.activity","superficial.chimera"
"83","magnetic.sleeper","great.food","own.imperfection","advanced.state","intelligent.power","insignificant.term","organized.form","other.body","six.hour","material.obstacle","former.class","first.train","human.family","possible.source","number.of.year","accident.of.place","further.account","kind.of.animal","intellectual.quality","new.field","whole.book","latin.deus","internal.condition","elastic.state","strong.attachment","human.embryo","own.desire","such.happiness","constant.formation","good.fortune","ray.of.light","two.hour","such.observation","different.signification","invisible.world","chinese.language","rudimental.form","other.gentleman","higher.state","somnambulic.sleep","fourth.class","different.class","truthful.history","opinion.of.geologist","bad.place","certain.place","combustible.substance","scientific.world","ordinary.method","principle.of.vitality","distinctive.character","marine.plant","present.contemplation"
"84","state.of.insensibility","dawn.of.time","permanent.happiness","fount.of.love","material.thing","mediatorial.class","hind.leg","principle.of.life","same.spirit","strong.resistance","common.principle","first.fact","old.testament","truth.of.animal","new.form","celestial.light","least.recollection","great.abundance","physical.organ","species.of.plant","human.understanding","present.subject","degree.of.uncivilization","constant.sublimation","great.self","one.infinite","own.independence","spiritual.light","number.of.sphere","piece.of.gold","many.hour","spiritual.part","accidental.death","many.nation","manual.labor","sacred.writing","mineral.kingdom","greater.quantity","cessation.of.life","free.exercise","various.movement","last.day","modern.commentator","theories.in.reference","diaphanous.body","fuller.information","simple.fact","same.year","school.of.mesmer","such.vegetable","wrong.road","such.abundance","state.of.rest"
"85","slightest.sign","present.life","path.of.progress","eternal.one","very.moment","amount.of.reward","first.animal","particular.result","twelve.minute","developmental.impairment","great.extent","various.sphere","actual.occurrence","nervous.complaint","perfect.harmony","same.reason","few.observation","previous.time","exciting.cause","unnumbered.world","fact.of.animal","biblical.commentator","sake.of.distinction","less.power","intuitive.perception","new.sphere","social.tie","period.of.time","innumerable.suns","magnetical.principle","many.century","catholic.minister","eleven.o.clock","foreign.language","corporeal.apposition","eastern.chieftain","possible.means","X1.samuel","general.impression","peculiar.dignity","spirit.of.truth","much.attention","interior.workings","sacral.bone","predominant.affection","destiny.of.man","isis.revelata","fluid.of.m","universal.fluid","uncultivated.inhabitant","two.individual","above.remark","little.modification"
"86","three.minute","guardian.angels","higher.world","high.seat","first.condition","pleasure.in.industry","class.of.plant","progressive.law","same.room","pathological.case","own.power","lowest.stage","possible.way","manual.contact","one.time","other.sense","singular.clairvoyance","subsequent.ag","perceptive.power","great.universe","cure.of.disease","particular.figure","same.spot","general.characteristic","interior.affections","immense.body","term.of.intelligence","greater.number","ultimate.result","such.prejudice","velocity.of.motion","point.of.comparison","very.night","moral.death","discovery.of.animal","several.century","infinite.space","particle.of.matter","internal.man","true.principle","history.of.jesus","new.energie","evanescent.circumstance","whole.column","human.species","care.of.spirit","future.event","high.degree","psychical.principle","huge.tree","mutual.love","universal.resurrection","many.case"
"87","ten.o.clock","own.effort","previous.life","ocean.of.truth","new.study","agricultural.improvement","appropriate.term","physiological.law","first.line","full.freedom","wave.of.development","inferior.state","new.faith","public.lecture","original.source","present.time","view.at.distance","particle.of.water","inclin.position","primary.coating","moral.integrity","wise.man","modern.name","foreign.language","proper.application","scientific.truth","virtuous.individual","such.effect","geometrical.principle","magnetic.rapport","present.revealment","pure.spirit","voice.of.emotion","spiritual.death","old.report","original.manuscript","human.soul","third.part","happy.result","human.rights","other.boy","many.subdivision","unreal.effect","inferior.species","whole.nation","good.guide","present.consciousness","sudden.inspiration","competent.observer","first.conception","different.level","new.class","less.extent"
"88","magnetic.somnambulist","spiritual.world","doctrine.of.metempsychosis","brief.period","great.question","truth.of.nature","general.element","celestial.purity","twelve.o.clock","impaired.individual","false.direction","different.part","early.age","medical.student","celestial.sphere","sole.purpose","wide.awake","particle.of.atmosphere","external.effect","incidental.cause","lethargic.state","characteristic.of.man","natural.genius","whole.history","tyrannical.government","great.strength","lower.world","two.kind","process.of.consolidation","frequent.cause","previous.impressions","important.question","new.truth","subordinate.organization","several.other","jewish.nation","nature.of.man","beautiful.tree","inherent.attribute","moral.principles","external.cause","different.habit","sectarian.prejudice","mere.imitation","different.thing","spiritual.life","same.sort","same.effect","state.of.insensibility","essential.element","taste.of.happiness","true.condition","same.element"
"89","own.imagination","spiritual.life","own.fault","medical.institution","own.nature","opulent.city","one.surface","true.investigator","hydrocyanic.acid","certain.faculty","possible.degree","eternal.design","thousand.way","eminent.pathologist","active.agent","superior.information","four.year","northern.portion","specific.quality","greater.amount","other.remedy","effort.of.other","other.people","such.idea","pure.associations","cortical.gland","whole.sentence","affections.of.man","formation.of.worlds","social.prejudice","spiritual.influx","east.indy","direct.contradiction","opinion.of.man","concurrent.testimony","spirit.of.god","eternal.principle","various.part","organized.system","true.principles","wisdom.of.god","previous.ag","four.book","imitation.of.nature","garland.of.flower","such.thought","light.of.day","second.sphere","suitable.remedy","own.language","appeal.to.reason","sensuous.observation","natural.process"
"90","opaque.body","many.year","past.unfurl","dugald.stewart","one.night","father.in.heaven","work.of.regeneration","interior.principle","mysterious.chamber","time.of.confinement","present.order","palaetiological.sciences","strata.of.society","evidence.in.favour","inconceivable.period","state.of.society","second.brother","distinct.order","distinct.result","comparative.sense","medical.science","majority.of.mankind","same.idea","several.thing","great.highmindedness","whole.corresponds","rights.of.other","universal.ignorance","system.of.planets","same.hour","inhabitant.of.mar","spiritual.sphere","same.fruit","old.law","other.servants","black.hair","inherent.property","new.form","harmonious.whole","important.feature","such.passion","greater.degree","attribute.of.man","physical.condition","poor.woman","own.judgment","one.patient","such.impression","kind.of.sight","many.instance","moral.merit","primitive.form","rudimental.form"
"91","same.patient","perfect.happiness","means.of.advancing","ostensible.effect","one.think","interest.in.labor","unlimited.control","universal.love","low.voice","right.side","many.point","intellectual.development","spiritual.reformation","nine.o.clock","vast.system","pure.spirit","jean.marie","upper.portion","circle.of.movement","subsequent.generation","magnetic.process","deal.of.perspicuity","superior.endowment","interior.direction","order.of.be","great.desire","maternal.love","one.moment","powerful.agent","magnetic.year","inhabitant.of.venus","general.action","various.way","moral.law","same.individual","human.one","perfect.state","natural.development","inhabitant.of.saturn","legitimate.effect","own.benefit","whole.class","serpent.without.harm","various.machine","different.color","fanny.binet","first.operation","general.to.particular","vital.fluid","mental.phenomena","deceive.nor","requirement.of.other","divine.creation"
"92","faculty.of.prevision","good.one","sign.of.inferiority","systematic.work","absolute.necessity","individual.necessity","same.idea","many.degree","other.time","mild.disposition","common.source","profound.meditation","religious.world","variety.of.disease","interior.element","grace.of.god","human.form","eastern.asia","smallest.particle","perfect.confidence","considerable.light","historical.relation","moral.reformer","personal.investigation","violent.paroxysm","present.degree","force.of.circumstance","many.part","dense.atmosphere","spiritual.instinct","astronomical.observation","outer.association","electric.fluid","second.king","sympathetic.influence","heavy.one","first.principle","general.principle","present.existence","preponderance.of.evidence","mystery.of.nature","process.of.utero.gestation","handling.of.serpent","cause.of.gravitation","few.page","extraordinary.dream","new.method","same.moment","ferent.part","theological.proposition","latter.pass","previous.class","european.continent"
"93","slightest.recollection","two.being","manual.work","academic.royale","power.of.man","port.of.commerce","human.life","proper.knowledge","much.surprise","last.time","noble.personage","clearer.perception","heavenly.bliss","late.mrespect","exalted.state","doctrine.of.swedenborg","decisive.experiment","essential.part","many.part","congenial.atmosphere","temporary.loss","independent.element","much.exactness","X8th.of.april","much.attention","greater.truth","cold.orbit","whole.arcana","present.theory","dark.spectre","superior.refinement","one.principle","property.of.plant","valuable.work","attention.of.man","same.organ","new.principle","progressive.principle","state.of.crystallization","teaching.of.nature","revelation.from.heaven","physical.phenomena","false.interpretation","final.cause","matter.of.taste","spirit.of.light","depth.of.winter","first.form","act.of.volition","generation.of.viper","earth.to.god","other.in.habit","successive.generation"
"94","same.vision","human.species","farther.before.reincarnation","eminent.man","shackle.of.superstition","number.of.man","sense.of.duty","congenial.atmosphere","several.leagu","nine.year","class.of.man","infinitude.of.space","several.lady","much.merit","successive.modification","new.world","kind.of.vision","que.les","various.strata","bosom.of.nature","illiterate.medium","second.group","moral.susceptibility","more.success","present.description","general.sympathizer","land.of.shadows","apparent.discrepancy","important.discoveries","X1st.january","highest.suggestion","previous.desire","closer.relation","interior.meaning","darker.age","one.occupy","original.design","universal.space","gaseous.condition","one.truth","mystery.of.life","highest.order","imperative.command","same.cause","power.of.spirit","young.lady","netic.power","own.body","own.accord","word.of.consolation","wick.spirit","single.intimation","whole.account"
"95","other.channel","other.word","organ.of.intelligence","thb.desideratum","great.system","reciprocal.movement","human.be","glorious.era","communication.with.spirit","fit.of.passion","manifestation.of.divine","celestial.beauty","good.effect","one.shoulder","superior.knowledge","spiritual.substance","such.pursuit","same.process","geological.development","various.degree","earliest.ag","great.joy","such.time","manual.movement","nervous.energy","general.reliever","spirit.in.heaven","great.centre","present.investigation","two.pace","whole.earth","surgical.operation","six.time","unequivocal.knowledge","curative.effect","other.case","lowest.point","same.plane","various.kind","external.experience","diabolical.power","knowledge.of.good","organic.matter","inherent.particle","spiritual.perception","compound.of.air","clinical.lecture","lowest.degree","game.at.piquet","harmonious.sound","mission.for.evil","powerful.exertion","many.nation"
"96","similar.case","interest.of.man","complete.intuition","other.experiment","direct.appeal","populious.village","individual.wealth","own.power","great.difficulty","short.time","substantial.truth","knowledge.of.nature","part.of.scripture","particular.circle","inhabitant.of.mercury","one.brotherhood","whole.affection","same.thing","omnipotent.power","first.class","worthy.of.note","end.in.view","songs.of.solomon","state.of.lucidity","many.saying","same.category","material.universe","great.sun","great.planets","X1.2th","other.portion","various.principle","other.cause","universal.faith","london.for.john","such.revelation","indestructible.basis","vast.univerccelum","mechanical.invention","scientific.investigation","daily.basis","proper.way","spiritual.faculty","thus.power","complete.state","other.form","scrofulous.matter","small.portion","suggestion.of.m","own.interest","form.to.evil","historical.information","celestial.origin"
"97","great.anxiety","true.nature","purpose.of.incarnation","comte.de","negative.principle","same.article","manual.labor","truthful.expression","medical.consultation","spiritual.view","charitable.deed","dark.one","mortal.man","material.universe","new.existence","spiritual.sphere","further.question","perfect.unity","whole.fabric","low.degree","kingdom.of.god","natural.desire","principle.of.jesus","whole.town","superficial.evidence","various.manifestation","state.of.exaltation","million.of.year","social.organization","indescribable.sensation","glorious.era","extreme.sphere","various.branch","original.intention","natural.magic","material.substance","true.conception","one.half","branch.of.knowledge","important.subject","former.life","imperfect.one","divine.morality","infinite.source","other.gentleman","malicious.spirit","X24th.of.august","imperfect.plant","remarkable.effect","day.after.day","evil.in.order","feeling.of.pleasure","ultimate.triumph"
"98","superhuman.being","human.action","original.life","serious.attention","unchangeable.law","six.farm","individual.possession","social.organization","other.day","twelve.year","whole.mineral","inevitable.consequence","twelve.day","beautiful.azure","spiritual.death","association.of.idea","full.extent","same.amount","evidence.of.truth","element.of.nature","whole.form","general.good","actual.manifestation","degree.of.lucidity","general.reflection","guardian.angel","two.year","general.manner","alphabetical.representation","husband.of.fritzlen","new.law","great.actuator","beautiful.valley","actual.occurrence","old.author","other.language","great.vortex","whole.viscera","useful.productions","various.system","bad.infuence","lunar.influence","mysterious.faith","organization.of.mankind","different.circumstance","other.thing","indian.lady","spinal.column","series.of.effect","mental.energy","conflict.of.good","interior.purity","grand.man"
"99","moral.perfection","physical.nature","recent.life","demonstrable.fact","great.cause","three.fourt","intellectual.improvement","theological.shepherd","several.heaven","painful.sensation","visible.thing","few.century","spirit.manifestation","immense.extent","miraculous.conception","same.sound","will.of.god","great.height","preservation.of.life","theological.speculation","one.day","same.description","spiritual.progress","decided.sensation","traditional.history","flock.of.sheep","possible.means","single.revolution","many.generation","other.property","historical.period","corporeal.manifestation","better.spirit","general.judgment","magical.power","young.woman","highest.type","previous.description","physical.want","celestial.love","real.basis","same.inquiry","medical.practice","mass.of.matter","same.means","such.power","cardinal.richelieu","respiratory.organ","ordinary.wake","path.of.vice","earth.in.pair","bosom.of.family","general.consoler"
"100","angel.of.darkness","organic.life","new.task","netic.operation","nervous.medium","large.association","considerable.distance","career.of.purity","evil.one","external.body","human.speech","superficial.theology","X1.4th","little.air","fourth.sphere","positive.mind","two.way","intellectual.endowment","whole.operation","active.principle","evil.influence","certain.number","thirty.piece","one.foot","other.book","female.patient","such.information","four.fifth","soft.bark","more.difficulty","tertiary.period","natural.mind","many.instance","chinese.philosopher","species.of.magnetism","sensible.person","order.of.animal","ultimate.portion","evils.of.society","perfect.symmetry","absolute.void","philosophical.tone","organised.body","own.immensity","dead.man","few.instant","northern.africa","previous.one","foreign.element","human.be","many.link","sectarian.bigotry","such.sign"
