"","1_the_astral","2_astral_light","3_kabbalistic_tarot","4_magnetic_sleep","5_seance","6_progression","Other_1","Other_2"
"1","adam.kadmon","astral.light","roman.catholic","great.work","manifestation","monad","manifestation","solar.system"
"2","astral.body","ether","spirit.of.charity","black.magic","occult.science","karma","esoteric.philosophy","modern.science"
"3","kali.yuga","same.time","man.of.science","same.time","first.cause","progress","secret.doctrine","ether"
"4","max.müller","one.day","high.priest","philosophical.stone","same.time","incarnation","same.time","physical.science"
"5","hebrew.letter","universal.agent","jesus.christ","astral.light","cosmic.substance","esoteric.buddhism","vishnu.purâna","occult.teaching"
"6","st.john","good.faith","catholic.church","great.arcanum","divine.name","fourth.round","holy.ghost","nebular.theory"
"7","book.of.number","nervous.system","same.idea","occult.science","esoteric.teaching","other.hand","dhyân.chohan","dhyân.chohan"
"8","heavenly.man","plastic.medium","true.religion","one.day","state.of.consciousness","human.soul","universal.soul","man.of.science"
"9","hieroglyphic.sign","law.of.nature","other.word","transcendental.magic","progress","secret.doctrine","day.of.brahmâ","esoteric.doctrine"
"10","fabre.d.olivet","nervous.ether","other.nation","universal.medicine","cosmic.ideation","theosophical.society","astral.light","ponderable.matter"
"11","card.of.the.tarot","human.life","occult.science","young.man","mode.of.motion","modern.science","esoteric.meaning","primordial.substance"
"12","minor.arcana","first.place","grand.hierophant","one.hand","card.of.the.tarot","physical.man","divine.wisdom","cardinal.point"
"13","source.of.measure","own.part","de.mirville","tarot.kabbalah","first.card","higher.self","monad","four.element"
"14","sacred.name","other.word","kingdom.of.heaven","whole.world","cosmic.matter","human.being","visible.universe","secret.doctrine"
"15","de.raiz","second.sight","latin.church","middle.ag","state.of.matter","root..race","son.of.god","four.cardinal.point"
"16","other.hand","material.body","tree.of.life","supreme.reason","absolute.consciousness","dhyân.chohan","creative.power","heavenly.body"
"17","law.of.nature","magical.agent","wise.man","progress","great.breath","man.of.science","personal.god","mundane.egg"
"18","first.matter","two.force","son.of.god","two.pillars","dhyân.chohan","spiritual.soul","max.müller","exact.science"
"19","major.arcana","soul.of.the.earth","right.hand","first.time","law.of.nature","spiritual.ego","four.element","planetary.system"
"20","secret.doctrine","man.of.science","one.god","force.of.nature","mrespect.crooke","first.round","water.of.space","seven.son"
"21","secret.book","man.of.genius","book.of.thoth","occult.philosophy","blind.faith","physical.body","two.aspect","sign.of.the.zodiac"
"22","ancient.of.day","manifestation","point.of.view","wise.man","karma","esoteric.philosophy","one.hand","modern.physic"
"23","holy.spirit","theosophical.society","virgin.mary","great.secret","central.point","universal.mind","dhyâni..buddha","occult.sciences"
"24","heavenly.body","human.being","sign.of.the.zodiac","precious.stone","perpetual.motion","human.race","pure.spirit","first.point"
"25","mystery.of.nature","one.hand","such.case","universal.science","universal.life","one.life","centre.of.energy","sir.william"
"26","black.magic","great.number","natural.force","jesus.christ","atomic.weight","divine.soul","brazen.serpent","esoteric.philosophy"
"27","early.christians","same.manner","old.testament","old.serpent","physical.phenomena","seventh.principle","night.of.brahmâ","volume.ii"
"28","royal.art","human.intelligence","great.period","three.worlds","hebrew.alphabet","physical.sense","son.of.light","vishnu.purâna"
"29","absolute.science","middle.ag","small.wheel","own.day","human.mind","human.body","third.race","occult.doctrine"
"30","analogy.of.contrary","great.magical.agent","holy.spirit","later.period","first.differentiation","ether","universal.mind","seven.form"
"31","mystery.language","tree.of.knowledge","five.year","point.of.view","herbert.spencer","higher.plane","great.mystery","other.planets"
"32","absolute.principle","one.side","force.of.nature","great.man","such.thing","volume.ii","primordial.water","vital.principle"
"33","old.book","magical.power","creation.of.the.world","human.body","occult.philosophy","personal.god","divine.spirit","sun..force"
"34","chaldean.book","vital.light","christian.religion","one.side","rig.veda","terrestrial.life","first.principle","roman.catholic"
"35","vertical.line","catherine.théot","solar.year","true.science","immutable.law","physical.science","great.deep","few.word"
"36","one.thing","arcana.of.the.tarot","one.case","first.part","golden.egg","million.of.year","long.time","one.sense"
"37","christian.church","whole.world","christ.jesus","great.master","solar.system","planetary.chain","four.elementary.form","seven.planets"
"38","seven.vowel","new.form","creative.word","young.girl","causeless.cause","divine.essence","elementary.form","two.kind"
"39","piazzi.smyth","universal.life","blind.man","law.of.equilibrium","power.of.nature","fifth.race","exact.science","physical.force"
"40","sepher.yetzirah","divine.power","great.adept","william.postel","sign.of.the.zodiac","lower.plane","objective.universe","william.thomson"
"41","ten.sephiroth","fundamental.principle","religious.system","saviour.of.the.world","evil.spirit","primal.cause","soul.of.the.world","occult.philosophy"
"42","kabbalistic.book","good.sense","other.man","magical.work","first.page","sidereal.body","one.sense","rig.veda"
"43","same.law","two.thing","human.race","grand.master","good.deal","human.monad","universal.spirit","christian.trinity"
"44","short.time","human.genius","whole.universe","universal.analogy","plane.of.existence","human.nature","âtmâ..buddhi","à.priori"
"45","two.force","vincent.de","mode.of.expression","key.of.the.tarot","fundamental.law","manifestation","age.of.brahmâ","seven.region"
"46","certain.case","magnetic.fluid","christian.church","perpetual.motion","plane.of.manifestation","other.word","adam.kadmon","same.subject"
"47","kabbalistic.key","incarnation","two.word","human.soul","divine.breath","third.root","spirit.of.god","modern.theory"
"48","three.term","own.image","X600.year","middle.age","terrestrial.plane","karmic.law","plane.of.illusion","great.gods"
"49","result.from.the.analogy","true.religion","mode.of.motion","three.time","correlation.of.force","divine.man","divine.origin","world.of.matter"
"50","manifestation","very.essence","twelve.year","key.of.solomon","physical.world","plane.of.matter","second.principle","other.plane"
"51","astral.light","soul.of.the.world","present.day","kabbalistic.alphabet","few.page","good.reason","history.of.magic","seven.stanza"
"52","tarot.kabbalah","force.in.nature","twelve.sign","true.adept","infinite.space","dead.letter","cosmic.evolution","ancient.philosopher"
"53","many.year","blind.force","great.hierophant","occult.medicine","three.person","sum.total","mundane.egg","root..race"
"54","professor.max","last.word","equilateral.triangle","cardinal.point","letter.of.the.hebrew.alphabet","immutable.law","religious.system","manifested.plane"
"55","ancient.nation","public.opinion","ancient.world","four.letter","human.being","whole.universe","colonel.wilford","central.sun"
"56","esoteric.meaning","natural.law","two.serpent","goat.of.mende","new.cycle","physical.plane","other.word","roman.church"
"57","breath.of.god","le.couturier","invisible.world","ancient.world","human.conception","same.way","secret.wisdom","archaic.teaching"
"58","universal.mystery","elementary.spirit","opposite.direction","spirit.of.darkness","one.reality","pure.spirit","one.life","great.man"
"59","three.letter","great.crime","de.gebelin","master.of.the.world","visible.world","inner.man","anthropomorphic.god","four.point"
"60","ain.suph","seal.of.solomon","sovereign.pontiff","sign.of.the.cross","own.essence","seven.principle","seven.element","seven.key"
"61","seven.head","great.criminal","perfect.word","magical.arcanum","same.way","law.of.karma","eternal.cause","thousand.year"
"62","four.corner","two.child","holy.thing","absolute.reason","material.universe","progression","creative.god","jewish.kabbalist"
"63","four.letter","will.of.man","elder.world","sacred.word","seven.state","few.year","fifth.principle","positive.pole"
"64","universal.language","little.finger","honorius.ii","human.mind","human.intellect","author.of.esoteric.buddhism","material.cause","sidereal.year"
"65","great.serpent","primordial.light","esoteric.teaching","sacred.book","divine.wisdom","esoteric.teaching","universal.life","present.century"
"66","four.rivers","one.time","ancient.religion","occult.power","sacred.name","esoteric.school","anima.mundi","son.of.light"
"67","motion.of.the.heavenly.body","hebrew.letter","new.religion","secret.society","creative.force","present.work","divine.voice","kali.yuga"
"68","own.experience","astral.fluid","vice.versâ","one.thing","manifested.world","phenomenal.world","active.force","fourth.race"
"69","seven.seal","property.of.matter","last.century","other.hand","subba.row","planetary.spirit","four.colour","divine.year"
"70","sacerdotal.art","great.man","father.of.the.church","single.word","neutral.centre","one.thing","fiery.serpents","christian.mystic"
"71","fire.from.heaven","double.triangle","fairy.tale","same.thing","other.gods","creative.force","other.life","same.relation"
"72","harmony.result","own.time","one.principle","present.day","invisible.being","other.world","breath.of.life","astral.light"
"73","madame.de","mystery.of.nature","divine.mother","transcendent.magic","first.man","human.stage","visible.form","geometrical.figure"
"74","X2nd.septenary","modern.time","absolute.light","universal.law","great.arcanum","mathematical.point","dual.force","ain.suph"
"75","karma","eternal.fire","seven.spirit","quadrature.of.the.circle","active.principle","lunar.chain","professor.wilson","inner.man"
"76","modern.physicist","state.of.thing","lord.god","name.of.jehovah","X7.day","human.form","fitzedward.hall","spirit.into.matter"
"77","occult.philosophy","morning.star","new.aspect","many.century","bhagavad.gîtâ","third.round","esoteric.doctrine","septenary.chain"
"78","book.of.dzyan","mother.of.god","side.by.side","human.passion","bright.line","chemical.element","seven.period","plane.of.consciousness"
"79","great.light","hundred.year","queen.of.heaven","own.part","letter.of.the.hebrew","many.other","first.manifestation","materialistic.science"
"80","primeval.revelation","same.result","holy.name","true.initiate","great.adept","de.maistre","other.nation","primitive.man"
"81","central.asia","good.work","figure.of.speech","golden.fleece","other.work","law.of.retribution","female.aspect","twelve.sign"
"82","christian.kabbalist","universal.reason","same.law","magical.doctrine","first.time","reincarnation","physical.science","eastern.esotericism"
"83","human.life","magnetic.current","existence.of.god","great.magical.arcanum","first.appearance","ancient.thought","female.principle","highest.god"
"84","absolute.unity","magical.ceremony","young.man","secret.of.the.great.work","periodical.manifestation","present.volume","one.form","eminent.scientist"
"85","basic.idea","common.reservoir","golden.age","divine.word","opposite.pole","human.mind","lower.kingdom","hindû.zodiac"
"86","few.word","oswald.wirth","source.of.life","human.head","divine.world","mrespect.sinnett","great.number","night.of.brahmâ"
"87","water.of.life","divine.knowledge","moral.force","blazing.star","absolute.existence","very.beginning","point.of.view","seven.creation"
"88","same.number","sacred.book","court.de","universal.equilibrium","highest.dhyân","middle.point","metaphysical.abstraction","whole.world"
"89","same.way","fifty.year","supernatural.world","magical.science","scientific.mind","direct.emanation","very.idea","official.science"
"90","author.of.the.source","intelligent.being","black.god","magical.operation","great.mother","physical.brain","own.plane","original.text"
"91","eastern.occultist","seven.light","fall.from.heaven","one.foot","naked.eye","lunar.year","primordial.matter","old.religion"
"92","sacred.number","same.way","true.name","sign.of.the.pentagram","other.thing","human.knowledge","finite.god","universal.soul"
"93","satya.yuga","holy.spirit","child.of.israel","harmoney.of.nature","absolute.being","universal.spirit","other.name","rotatory.motion"
"94","war.in.heaven","six.month","minor.arcana","free.judge","tree.of.life","material.life","solar.fire","own.way"
"95","mother.of.the.gods","light.of.the.logo","hieroglyphic.meaning","cubic.stone","seven.ray","eastern.occultist","word.of.god","horizontal.line"
"96","unmanifested.logo","vaikharî.vâch","modern.science","basil.valentine","mortal.man","spiritual.plane","world.of.form","planetary.spirit"
"97","new.testament","battle.of.life","first.time","secret.doctrine","two.part","physical.nature","great.soul","sacred.animal"
"98","proper.place","human.body","whole.world","two.person","five.year","same.thing","philosophical.idea","divine.son"
"99","seven.day","new.world","ancient.mystery","few.word","secondary.cause","stage.of.evolution","animal.soul","first.divine"
"100","one.find","part.of.this.work","british.museum","human.form","set.of.sense","globe.a","son.of.brahmâ","seven.worlds"
"101","holy.of.holy","apollonius.of.tyana","primitive.religion","occult.sciences","primordial.chaos","race.of.man","seven.ray","same.number"
"102","great.one","first.day","historical.fact","thirty.year","seven.plane","such.case","bosom.of.parabrahman","boundless.space"
"103","divine.revelation","other.cause","common.sense","right.hand","constitution.of.man","body.of.man","force.in.nature","churning.of.the.ocean"
"104","hebrew.language","one.step","human.victim","same.reason","cycle.of.life","divine.principle","lord.god","mount.meru"
"105","serpent.of.eternity","law.of.gravity","immaculate.conception","comte.de","one.portion","past.life","great.magic","one.point"
"106","decimal.notation","second.time","indivisible.point","sixteenth.century","phenomenal.manifestation","act.of.faith","form.of.matter","sacr.animal"
"107","whole.life","nervous.organism","solar.system","doctrine.of.herme","four.season","joseph.de","sun.of.truth","solar.energy"
"108","temple.of.solomon","many.person","little.one","elementary.spirit","evolution.of.atom","two.year","vital.force","great.seer"
"109","thousand.of.year","other.person","breath.of.fire","highest.reason","kingdom.of.heaven","ancient.wisdom","universal.principle","four.mahârâja"
"110","great.deal","little.child","great.day","secret.of.the.kabbalah","two.foot","new.manvantara","sign.of.life","tree.of.knowledge"
"111","average.motion","sovereign.power","divine.man","universal.key","essential.law","fourth.race","first.creation","same.authority"
"112","hermetic.work","large.number","sacred.animal","great.initiator","polar.bear","objective.plane","exoteric.buddhism","simple.body"
"113","personal.soul","dear.sir","army.of.the.voice","dogma.of.herme","first.term","sixth.principle","good.man","other.planet"
"114","apocalypse.of.st","own.day","one.way","author.of.this.book","second.card","fifth.root","true.light","principles.in.man"
"115","sacred.septenary","animal.magnetism","same.time","religious.dogma","materialization","christian.theology","old.man","gerald.massey"
"116","wild.beasts","magnetic.influence","present.time","common.people","seance","true.nature","principle.of.reason","same.order"
"117","science.of.equilibrium","strange.phenomena","geometrical.figure","powder.of.projection","rapping","one.element","sanskrit.word","X25.868.year"
"118","hugh.de","nervous.disease","christian.dogma","entire.world","spiritual.power","such.thing","esoteric.truth","X6.000.year"
"119","de.krudener","astral.intoxication","divine.ray","X_sepher.yetzirah","higher.plane","one.day","whole.world","material.element"
"120","first.card","three.day","bright.star","saint..germain","christian.era","three.principle","public.teaching","primary.element"
"121","white.light","hieroglyphical.sign","such.phenomena","four.element","seven.time","primordial.matter","great.work","twelve.hour"
"122","unique.force","nervous.apparatus","few.century","other.man","western.world","secret.meaning","sacred.book","giver.of.life"
"123","professor.max.müller","american.medium","four.figure","two.point","garden.of.eden","plane.of.consciousness","gautama.buddha","human.nature"
"124","other.way","great.thing","occult.knowledge","same.way","ray.of.light","personal.ego","seven.races","twelve.month"
"125","great.illusion","de.paul","final.word","seven.planets","one.life","materialistic.science","christian.theologian","sixth.day"
"126","night.of.time","own.accord","divine.light","sacred.number","other.meaning","animal.kingdom","work.of.creation","ethereal.medium"
"127","common.sense","spirit.of.perversity","two.principles","eighteenth.century","ceremonial.magic","spirit.of.the.earth","one.be","fundamental.principles"
"128","many.thousand","major.arcana","plastic.mediator","hermetic.philosopher","spiritual.sense","characteristic.of.matter","manifested.universe","atom.theory"
"129","fifth.race","sacr.book","one.man","elixir.of.life","manvantaric.period","primeval.matter","occult.science","straight.line"
"130","hebrew.kabbalist","hermetic.philosophy","jewish.bible","law.of.analogy","one.thing","own.life","unknown.darkness","million.of.mile"
"131","alexandrian.school","ceremonial.magic","active.principle","first.order","conscious.existence","fact.in.nature","dragon.of.wisdom","atomic.theory"
"132","garden.of.eden","solar.system","cosmic.force","same.symbol","absolute.negation","septenary.division","great.age","temple.of.god"
"133","first.manifestation","whole.kosmos","single.point","public.opinion","divine.thought","secret.science","real.cause","objective.world"
"134","natural.phenomena","mother.of.the.gods","remotest.antiquity","thousand.time","active.life","one.moment","first.emanation","modern.nebular.theory"
"135","occult.science","light.of.the.kabbalist","lunar.worship","true.god","supreme.spirit","human.principles","divine.idea","esoteric.science"
"136","dark.space","word.of.god","own.father","many.other","one.law","esoteric.system","white.horse","spiritual.power"
"137","great.water","eighteenth.century","roman.catholicism","seven.star","radiant.light","third.race","active.power","sy.willibe"
"138","one.way","eternal.law","object.in.view","herme.trismegistus","material.plane","universal.soul","third.principle","sir.willibe"
"139","symbolical.figure","two.body","physical.law","two.figure","divine.think","same.doctrine","thousand.year","planetary.chain"
"140","three.principles","sidereal.body","one.pole","pillars.of.the.temple","different.plane","occult.teaching","eastern.philosophy","several.case"
"141","first.chapter","branch.of.knowledge","religious.man","physical.life","animal.life","human.life","primeval.wisdom","golden.egg"
"142","new.dogma","black.magic","catholic.writer","old.man","one.sense","very.essence","civilized.nation","visible.cosmos"
"143","second.logo","secret.of.nature","own.part","universal.harmony","occult.doctrine","spiritual.being","animal.man","two.aspect"
"144","religious.symbol","occult.sciences","principle.of.life","transmutation.of.metals","celestial.virgin","period.of.activity","living.soul","incarnation"
"145","fiery.serpent","same.order","tail.of.a.comet","science.of.the.magi","whole.kosmos","celestial.being","universe.of.matter","one.principle"
"146","son.of.the.fire","powerful.will","external.thing","seven.genii","eastern.occultism","occult.world","other.form","material.world"
"147","one.number","order.of.nature","space.of.time","st.john","new.life","root.race","X4.320.000.000.year","dhyâni..buddha"
"148","live.god","first.principle","profession.of.faith","one.dogma","physical.sense","animal.soul","generic.name","animal.life"
"149","two.letter","ether.of.science","inner.circle","magical.secret","three.word","principle.in.man","t...","primordial.matter"
"150","great.pyramid","religious.thought","inner.section","st.paul","spiritual.sun","divine.spirit","idea.of.god","empty.space"
"151","mosaic.book","st..paul","immortality.of.the.soul","form.of.the.sphinx","occult.property","mortal.man","magical.equilibrium","zodiacal.sign"
"152","phallic.worship","ether.of.space","individual.life","eternal.life","boundless.circle","law.of.analogy","idle.word","great.circle"
"153","numerical.system","true.science","universal.philosophy","sacred.alphabet","meaning.of.the.allegory","law.of.evolution","egyptian.religion","sidereal.world"
"154","seven.sephiroth","spirit.of.light","god.of.light","human.will","central.mass","certain.point","western.orientalist","occult.meaning"
"155","occult.knowledge","first.substance","tarot.card","pope.joan","gross.matter","man.on.earth","general.reader","other.scripture"
"156","human.form","fruit.of.the.tree","unborn.child","magic.chain","first.step","lunar.ancestor","religion.of.buddha","willibe.grove"
"157","eastern.teaching","free.will","two.sphinx","human.figure","hidden.meaning","seven.class","supreme.wisdom","gaseous.matter"
"158","north.pole","intelligence.of.man","angel.of.light","dead.person","living.being","several.time","northern.buddhist","irresolvable.nebulæ"
"159","age.to.age","latent.light","wand.of.circe","magical.tradition","cometary.matter","eastern.philosophy","divine.knowledge","vital.power"
"160","scientific.fact","imponderable.fluid","bear.witness","holy.kabbalah","great.law","abstract.idea","esoteric.wisdom","point.star"
"161","christian.hand","law.of.gravitation","sacred.vessel","two.other","plane.of.perception","whole.body","real.meaning","highest.deity"
"162","sense.of.the.word","two.man","universal.communion","magical.initiation","different.set","soul.of.man","course.of.time","system.of.worlds"
"163","old.friend","certain.extent","kabbalistic.tradition","star.of.solomon","face.to.face","fiery.life","eastern.initiate","year.b.c."
"164","hebrew.scroll","small.number","life.of.god","great.arcana","aurora.borealis","seven.year","latin.church","material.nature"
"165","such.event","same.name","baron.de","ancient.magi","magnetic.force","personal.deity","élipha.lévi","visible.thing"
"166","new.york","three.kind","comte.d.ourch","catholic.religion","germinal.cell","lower.manas","finite.being","mode.of.motion"
"167","sacred.mystery","fire.of.hell","complete.system","false.gnostic","ancient.egyptian","several.year","central.sun","such.man"
"168","universal.light","shield.of.achille","system.of.thought","X1st.arcanum","symbolical.language","religious.philosophy","absolute.reality","five.pillars"
"169","chaldean.kabbalah","great.agent","eyes.of.the.profane","ten.year","absolute.life","principle.in.nature","first.cause","terrestrial.element"
"170","isaac.myer","cornelius.agrippa","mosaic.bible","occult.force","one.name","metaphysical.conception","physical.basis","same.thing"
"171","mahâ.kalpa","prodigal.son","great.light","early.century","nature.of.matter","gordian.knot","universal.world","primitive.element"
"172","great.symbol","magical.work","final.conclusion","hermetic.philosophy","divine.honour","esoteric.doctrine","minor.pralaya","cosmic.god"
"173","seven.rector","magnetic.agent","ancient.writer","little.while","part.of.the.soul","archaic.doctrine","perfect.cube","present.form"
"174","first.christian","divining.rod","historical.basis","son.of.god","occult.truth","first.race","book.ii","sidereal.body"
"175","science.of.nature","universal.fluid","other.way","other.side","creative.principle","great.cycle","form.of.existence","physical.universe"
"176","quantity.of.matter","fatal.law","christian.era","first.form","simple.reason","long.age","illusive.form","drop.of.rain"
"177","marvellous.cure","fatal.influence","actual.existence","certain.sense","chemical.action","one.reality","year.of.brahmâ","modern.astronomy"
"178","psychic.power","rich.man","irrefutable.proof","great.event","human.thought","cycle.of.incarnation","generative.power","natural.philosophy"
"179","first.result","hilarion.tissot","great.character","four.cardinal.point","origin.of.all.thing","long.series","material.world","lunar.phase"
"180","mystery.of.magic","key.of.basil","one.true.religion","great.division","genius.of.evil","first.stage","physical.cause","physical.body"
"181","court.de","unhappy.man","highest.point","such.person","same.law","such.term","sentient.life","solid.earth"
"182","subtle.from.the.gross","italian.tarot","god.of.the.jew","first.place","good.proof","scientific.hypotheses","different.aspect","esoteric.significance"
"183","such.condition","real.life","thorn.in.the.side","last.word","physical.sciences","dreamless.sleep","absolute.truth","dual.nature"
"184","four.beasts","rabbi.jechiel","worthy.of.the.name","old.world","undulatory.theory","great.truth","opening.sentence","whole.cycle"
"185","same.moment","natural.religion","abstract.attribute","great.prophet","state.of.motion","occult.doctrine","great.difference","genesis.of.man"
"186","figure.of.the.tarot","almighty.power","solitary.ray","world.of.spirit","real.science","human.intellect","power.in.nature","spiritual.entity"
"187","apostate.priest","magnetic.light","own.self","natural.force","radiant.matter","cosmic.dust","one.day","one.man"
"188","history.of.magic","tarot.of.marseille","one.from.the.egg","universal.light","continuous.spectrum","compound.element","hindû.philosophy","divine.mind"
"189","wonder.of.the.world","religious.philosophy","fourth.spoke","divine.name","left.hand","heavenly.body","emblem.of.eternity","seven.zones"
"190","rite.of.black.magic","occult.force","path.of.knowledge","four.animal","philosophy.of.history","evolution.of.man","milky.way","school.of.philosophy"
"191","frightful.dream","other.god","radiant.earth","generative.organ","remarkable.work","one.place","shatapatha.brâhmana","centrifugal.force"
"192","maker.of.chronicle","other.hand","absolute.darkness","lunar.month","ammonius.sacca","spirit.into.matter","direct.connection","supreme.being"
"193","de.payen","great.day","spiritual.eye","queen.of.heaven","absolute.law","period.of.rest","son.of.the.father","natural.law"
"194","word.yod","one.light","mother.of.the.world","de.mirville","magical.calendar","divine.love","holy.spirit","equilateral.triangle"
"195","symbolism.of.the.tarot","one.produce","modern.thought","human.face","divine.ideal","long.period","mystery.of.being","palmy.day"
"196","symbol.of.the.tarot","seven.laya","great.difference","three.person","vertical.column","force.of.nature","par.excellence","primeval.man"
"197","X1st.septenary","magic.lantern","same.direction","nervous.system","X6th.arcanum","psychic.nature","terrestrial.plane","scientific.work"
"198","astral","better.term","blind.faith","four.time","universal.symbol","plane.of.being","bhâgavata.purâna","system.of.philosophy"
"199","est.deus","supreme.reason","matter.of.fact","most.part","nebular.theory","same.plane","exoteric.text","primordial.element"
"200","deus.inversus","astral.fire","eye.of.man","three.part","many.year","struggle.for.life","two.path","vital.electricity"
