"","1_the_astral","2_astral_light","3_kabbalistic_tarot","4_magnetic_sleep","5_seance","6_progression","Other_1","Other_2","Other_3","Other_4","Other_5","Other_6"
"1","cardinal.point","ether","tarot.kabbalah","animal.magnetism","manifestation","monad","animal.kingdom","human.race","great.work","same.time","new.testament","golden.dawn"
"2","sacred.name","astral.light","other.hand","human.being","sitting","human.being","manifestation","primitive.history","astral.light","astral.light","karma","vishnu.purâna"
"3","astral.body","modern.science","point.of.view","magnetic.state","animal.magnetism","progress","solar.system","divine.mind","progress","black.magic","old.testament","kali.yuga"
"4","four.element","manifestation","fabre.d.olivet","magnetic.sleep","good.spirit","progression","divine.mind","present.day","philosophical.stone","great.work","card.of.the.tarot","second.order"
"5","same.time","man.of.science","one.hand","same.time","year.of.age","incarnation","vegetable.kingdom","progress","law.of.nature","great.arcanum","word.of.god","human.being"
"6","four.cardinal.point","solar.system","first.time","nervous.system","one.day","karma","positive.mind","inhabitant.of.the.earth","black.magic","adam.kadmon","primitive.history","divine.name"
"7","astral.light","physical.science","one.side","state.of.somnambulism","evil.spirit","manifestation","higher.sphere","portion.of.the.earth","whole.world","holy.spirit","first.card","editorial.note"
"8","roman.catholic","occult.science","left.hand","magnetic.influence","same.time","dhyân.chohan","outer.world","human.mind","hebrew.alphabet","great.secret","long.period","own.effort"
"9","christian.church","mode.of.motion","kabbalistic.alphabet","one.day","spiritual.world","esoteric.philosophy","perfect.form","new.testament","universal.medicine","catholic.church","divine.origin","book.of.number"
"10","ain.suph","nervous.ether","two.figure","human.body","material.body","secret.doctrine","human.form","present.time","own.day","incarnation","great.deal","day.of.brahmâ"
"11","astral.plane","other.word","magical.arcanum","dark.spirit","progress","same.time","great.positive.mind","whole.world","occult.science","secret.doctrine","divine.mind","tree.of.life"
"12","mundane.egg","cosmic.matter","pure.spirit","seven.day","long.time","human.race","animal.creation","thousand.year","one.hand","universal.agent","kali.yuga","other.member"
"13","garden.of.eden","four.element","pillars.of.the.temple","other.people","old.man","human.soul","human.mind","other.portion","high.priest","magical.work","manifestation","cromlech.temple"
"14","adam.kadmon","nebular.theory","two.pillars","somnambulic.state","few.day","physical.body","higher.degree","high.degree","occult.philosophy","absolute.science","divine.name","human.race"
"15","brazen.serpent","esoteric.doctrine","great.magical.arcanum","magnetic.operation","three.year","physical.life","second.sphere","nineteenth.century","elementary.spirit","occult.sciences","divine.revelation","colonel.wilford"
"16","manifestation","physical.force","human.being","magnetic.somnambulism","first.volume","reincarnation","portion.of.the.earth","various.portion","universal.science","middle.age","first.point","christian.era"
"17","state.of.coma","ponderable.matter","one.way","human.life","young.man","one.life","new.form","other.nation","st.john","sacred.book","possible.use","seven.time"
"18","astral","dhyân.chohan","black.magic","same.manner","same.thing","esoteric.buddhism","first.cause","social.condition","same.time","free.will","human.being","chaldean.book"
"19","occult.force","holy.ghost","three.worlds","free.will","young.girl","higher.self","particle.of.matter","subsequent.generation","one.day","one.god","same.way","son.of.god"
"20","divine.wisdom","magnetic.fluid","four.season","magnetic.power","nervous.system","fourth.round","external.form","human.being","hebrew.letter","immortality.of.the.soul","present.day","progress"
"21","heavenly.man","night.of.brahmâ","vincent.de","evil.spirit","few.question","material.body","human.organization","human.family","great.man","magical.operation","christian.religion","one.day"
"22","ten.sephiroth","primordial.matter","sphere.of.sensation","magnetic.fluid","communication.of.thought","modern.science","present.day","social.world","own.part","material.body","period.of.time","soul.of.man"
"23","seven.star","active.force","pope.joan","hebrew.letter","thirty.year","higher.plane","lower.form","old.testament","middle.ag","seven.spirit","past.life","same.order"
"24","rig.veda","second.sight","X1st.arcanum","waking.state","many.other","root..race","great.center","manifestation","true.religion","old.serpent","moral.world","creation.of.the.world"
"25","catholic.church","vital.principle","common.sense","several.time","five.year","material.life","degree.of.development","whole.race","manifestation","true.science","divine.instruction","certain.case"
"26","human.life","primordial.substance","few.word","world.of.spirit","many.person","free.will","great.mass","face.of.the.earth","perpetual.motion","same.reason","many.year","son.of.man"
"27","supreme.god","religious.system","hebrew.letter","year.of.age","next.day","law.of.nature","law.of.nature","mind.of.man","other.hand","middle.ag","many.thing","max.müller"
"28","divine.name","universal.soul","letter.of.the.alphabet","few.minute","little.girl","higher.spirit","great.sun","law.of.nature","jesus.christ","great.master","other.nation","first.one"
"29","chief.adept","central.sun","first.place","short.time","physical.manifestation","other.word","higher.form","nation.of.the.earth","supreme.reason","human.being","mode.of.expression","such.thing"
"30","divine.word","occult.doctrine","right.hand","other.person","short.time","esoteric.teaching","progress","poor.man","sign.of.the.zodiac","occult.science","long.time","two.kind"
"31","sacred.book","magical.agent","highest.reason","magnetic.action","great.deal","human.life","progressive.development","early.inhabitant","force.of.nature","first.place","birth.of.christ","four.colour"
"32","church.fathers","property.of.matter","good.faith","wake.state","man.of.science","future.life","various.part","same.time","queen.of.heaven","human.form","soft.bark","whole.thing"
"33","other.nation","occult.sciences","royale.de","one.time","last.time","corporeal.life","positive.power","hundred.year","key.of.solomon","transcendent.magic","moral.teaching","seven.form"
"34","vishnu.purâna","exact.science","card.of.the.tarot","same.way","other.spirit","physical.man","inhabitant.of.the.earth","mental.faculty","secret.doctrine","thousand.time","catherine.théot","thousand.year"
"35","later.period","one.element","grand.hierophant","same.thing","human.being","volume.ii","immutable.law","direct.opposition","first.time","many.century","human.life","primitive.man"
"36","esoteric.meaning","heavenly.body","temporal.power","such.case","twelve.year","roman.catholic","present.era","world.of.mankind","other.word","mother.of.god","bosom.of.parabrahman","six.day"
"37","holy.ghost","seven.ray","key.of.the.tarot","few.day","two.day","new.life","lower.order","one.thing","eighteenth.century","jesus.christ","great.sea","six.thousand.year"
"38","divine.spirit","breath.of.life","italian.tarot","several.year","two.year","spiritual.soul","animal.world","jewish.nation","present.day","magical.power","first.book","human.thought"
"39","fiery.serpents","one.hand","oswald.wirth","same.effect","many.year","same.way","spiritual.sphere","whole.earth","great.arcanum","magical.doctrine","vast.number","kabbalistic.tree"
"40","astral.projection","one.day","astral.light","natural.somnambulism","fifty.year","other.hand","other.form","divine.principle","wise.man","blazing.star","hindû.zodiac","higher.level"
"41","religious.philosophy","great.man","other.way","many.case","first.place","universal.mind","great.body","various.nation","thirty.year","seal.of.solomon","great.reformer","polar.bear"
"42","esoteric.teaching","modern.physic","physical.brain","white.spirit","several.time","pure.spirit","interior.quality","distributive.justice","two.force","occult.medicine","new.existence","esoteric.truth"
"43","ancient.mystery","state.of.matter","great.number","astral.light","human.form","present.life","general.law","son.of.god","two.child","two.point","number.of.people","higher.plane"
"44","son.of.god","universal.agent","four.corner","great.number","name.of.god","natural.law","present.period","state.of.thing","eternal.life","golden.egg","inferior.spirit","basic.idea"
"45","seven.region","occult.teaching","living.being","three.time","future.life","occult.teaching","first.form","central.america","universal.equilibrium","single.word","historical.account","divine.man"
"46","war.in.heaven","source.of.measure","foolish.man","young.man","other.person","human.nature","other.body","like.manner","transcendental.magic","two.pole","superficial.evidence","sacred.animal"
"47","three.word","eastern.occultist","elemental.force","other.time","twenty.year","divine.law","like.manner","peace.on.earth","human.mind","natural.law","other.book","seven.light"
"48","feminine.principle","holy.spirit","four.hour","three.day","existence.of.the.soul","spirit.world","sphere.of.existence","nature.of.man","tree.of.life","temple.of.solomon","divine.intention","adam.kadmon"
"49","seven.head","creative.force","young.man","human.race","last.night","man.of.science","other.substance","many.ag","old.world","three.worlds","book.of.the.new.testament","million.of.year"
"50","new.testament","neutral.centre","mortal.body","spiritual.eye","five.minute","planetary.chain","whole.mass","form.of.expression","public.opinion","science.of.nature","minor.arcana","present.race"
"51","early.christians","first.matter","large.number","six.month","gray.hair","occult.science","planetary.system","divine.love","de.mirville","good.work","X2nd.septenary","great.city"
"52","lunar.month","mrespect.crooke","brown.hair","other.world","lower.part","spiritual.ego","material.universe","condition.of.the.world","first.part","good.faith","X4.letter","X4.320.000.000.year"
"53","numerical.value","solid.body","two.woman","second.sight","forty.year","one.thing","human.body","great.extent","young.man","basil.valentine","secret.doctrine","whole.life"
"54","prayer.of.affection","physical.law","unknown.philosopher","right.hand","several.person","personal.god","dry.land","portion.of.the.world","precious.stone","philosophical.stone","other.man","professor.wilson"
"55","prayer.of.simplicity","sun..force","saint..martin","same.result","few.minute","first.round","one.particle","original.inhabitant","kingdom.of.heaven","true.adept","christian.theologian","hermetic.work"
"56","sacred.word","nervous.system","moral.evil","heart.of.man","three.hour","theosophical.society","animal.existence","eastern.tribe","letter.of.the.hebrew.alphabet","sign.of.the.pentagram","other.hand","physical.life"
"57","principle.in.nature","great.magical.agent","de.medecine","intellectual.faculty","second.time","solar.system","human.soul","tree.of.righteousness","two.pillars","transcendental.magic","whole.universe","personal.soul"
"58","other.meaning","mystery.language","certain.man","natural.state","immortality.of.the.soul","first.cause","spiritual.sun","mental.power","hieroglyphic.sign","X_sepher.yetzirah","same.number","reincarnation"
"59","vertical.line","ancient.philosopher","impure.spirit","magnetic.pass","bad.one","spiritual.being","eternal.law","mode.of.expression","history.of.magic","whole.world","present.time","kind.of.sleep"
"60","cosmic.element","creative.power","william.postel","seven.o.clock","earth.v","material.world","animal.form","other.thing","de.raiz","hebrew.kabbalist","form.of.expression","three.kind"
"61","radiant.light","female.principle","magical.equilibrium","first.time","young.lady","inner.man","higher.state","book.of.job","major.arcana","ceremonial.magic","holy.ghost","two.spirit"
"62","own.essence","plane.of.matter","tarot.of.marseille","theosophical.society","three.day","other.world","universal.law","whole.nation","arcana.of.the.tarot","son.of.god","sign.of.the.zodiac","tarot.trump"
"63","divine.son","universal.life","other.card","later.period","magnetic.influence","force.of.nature","infinite.space","physical.constitution","max.müller","point.of.view","heavenly.body","yi.king"
"64","universal.life","seven.planets","sitting","seven.year","many.thing","human.mind","concentric.circle","one.man","other.man","absolute.truth","third.person","secret.doctrine"
"65","blind.faith","mother.of.the.gods","last.century","one.side","present.state","physical.plane","higher.order","principle.of.nature","secret.society","ancient.of.day","same.source","divine.knowledge"
"66","fiery.serpent","same.idea","ancient.civilization","period.of.time","present.day","other.thing","degree.of.refinement","many.century","hermetic.philosophy","supreme.reason","living.creature","historical.basis"
"67","holy.spirit","force.in.nature","many.thousand","one.night","two.hour","human.body","human.world","social.relation","one.thing","sign.of.the.zodiac","own.mind","time.to.time"
"68","same.word","sidereal.body","best.way","right.eye","two.foot","divine.essence","whole.system","great.tree","great.mystery","tree.of.knowledge","character.of.the.divine","old.testament"
"69","three.letter","divine.light","dark.space","magnetic.phenomena","medical.man","third.race","material.form","previous.description","final.word","blind.force","early.ag","same.spirit"
"70","fourth.principle","modern.chemistry","same.way","one.occasion","mrs..h","universal.soul","law.of.association","european.continent","quadrature.of.the.circle","sense.of.the.word","first.verse","absolute.spirit"
"71","four.mahârâja","chemical.element","personal.existence","same.description","seance","cosmic.ideation","whole.body","world.at.the.present.day","one.foot","own.tail","sun.of.righteousness","creative.deity"
"72","four.point","many.person","full.possession","one.o.clock","first.time","seventh.principle","whole.earth","original.conception","school.of.alexandria","positive.pole","modern.commentator","book.ii"
"73","side.of.the.pyramid","occult.philosophy","four.figure","o.clock.in.the.evening","one.place","lower.plane","watery.element","great.spirit","court.de","vital.force","own.experience","one.light"
"74","first.triad","student.of.occultism","age.to.age","ten.year","such.man","universal.spirit","inner.life","immutable.law","grand.master","many.other","future.event","ancient.of.day"
"75","third.principle","spiritual.power","great.bear","dead.man","like.manner","seven.principle","organization.of.man","other.hand","free.judge","three.person","average.motion","spiritual.ray"
"76","lord.of.light","à.priori","mother.of.time","other.hand","part.of.the.body","many.other","perfect.organization","upper.portion","cubic.stone","de.maistre","same.degree","pure.spirit"
"77","seven.rishis","visible.universe","such.being","point.of.view","separation.from.the.body","whole.world","celestial.sphere","human.form","minor.arcana","good.sense","english.version","lunar.symbol"
"78","four.letter","manifested.universe","supreme.being","such.thing","bad.spirit","cosmic.substance","mineral.world","human.body","great.light","seventeenth.century","teaching.of.christ","great.division"
"79","great.serpent","other.hand","two.key","highest.degree","young.person","true.nature","face.of.the.earth","intellectual.development","great.number","law.of.equilibrium","t...","four.figure"
"80","serpent.of.eternity","very.essence","kabbalistic.book","whole.body","pit.of.the.stomach","one.sense","same.time","human.species","point.of.view","do.potet","vicarious.atonement","indian.philosophy"
"81","X7.day","supreme.spirit","creation.of.god","vital.principle","french.academy","animal.soul","material.existence","important.truth","sacred.number","cornelius.agrippa","eternal.punishment","such.question"
"82","christian.religion","great.age","false.idea","whole.life","two.person","intelligent.principle","animal.life","one.century","great.soul","st.john","most.case","first.order"
"83","great.symbol","point.of.view","name.v","magnetic.condition","later.period","such.individual","eternal.truth","present.system","goat.of.mende","one.dogma","ecclesiastical.history","spiritual.nature"
"84","human.passion","soul.of.the.world","departure.from.this.globe","many.person","real.cause","fifth.race","system.of.worlds","western.hemisphere","same.symbol","magical.secret","little.importance","universal.law"
"85","lower.grade","one.sense","first.condition","future.state","such.thing","first.differentiation","material.thing","other.person","right.hand","royal.art","ten.commandment","evil.spirit"
"86","short.distance","physical.eye","eugene.sue","abnormal.condition","material.life","physical.science","state.of.perfection","universal.peace","herme.trismegistus","great.initiator","other.writer","peculiar.character"
"87","mesmeric.influence","seven.son","mercy.of.the.lord","old.man","such.thought","divine.soul","department.of.nature","present.condition","three.person","black.god","great.end","natural.genesis"
"88","little.patient","primordial.water","middling.size","few.moment","own.part","intelligent.being","period.of.time","nerve.of.sensation","doctrine.of.herme","nebular.theory","gulf.of.mexico","last.stage"
"89","four.state","spirit.of.god","more.force","magnetic.effect","electric.fluid","human.knowledge","human.system","spiritual.development","christ.jesus","gordian.knot","southern.tribe","same.law"
"90","christian.doctrine","modern.theory","forty.day","same.faculty","same.result","state.of.consciousness","interior.principle","accordance.with.nature","violent.death","original.text","truthful.prophecy","three.order"
"91","ordinary.prayer","vital.fluid","more.fear","natural.sleep","three.time","dhyâni..buddha","other.word","human.existence","rosy.cross","other.word","child.of.israel","respective.sphere"
"92","vocal.prayer","son.of.brahmâ","personification.of.evil","spirit.world","good.man","such.thing","divine.wisdom","mind.of.mankind","letter.of.the.hebrew","old.book","book.of.chronicle","day.of.creation"
"93","saviour.of.the.world","atomic.weight","same.desire","few.year","one.night","tree.of.life","vegetable.world","portion.of.the.land","kabbalistic.key","seven.period","book.of.king","great.enemy"
"94","di.castello","great.law","hour.of.each.day","two.year","four.year","christian.church","same.law","proper.development","universal.key","fairy.tale","book.of.matthew","last.breath"
"95","major.arcana","occult.knowledge","two.line","physical.organ","transmission.of.thought","physical.sense","real.reality","pacific.ocean","secret.of.the.great.work","few.word","own.idea","literal.truth"
"96","religious.system","lord.god","extension.of.the.power","such.person","good.angel","same.idea","principle.of.motion","eastern.hemisphere","powder.of.projection","great.water","white.light","acceptation.of.the.word"
"97","esoteric.wisdom","ethereal.medium","art.of.divination","same.principle","material.man","plane.of.consciousness","whole.animal","social.unity","universal.analogy","christian.dogma","great.arcana","female.friend"
"98","highest.antiquity","undulatory.theory","first.glance","one.case","last.sitting","mortal.man","divine.essence","human.soul","same.way","pure.spirit","first.term","nature.of.the.soul"
"99","first.page","great.deal","own.volition","part.of.the.body","world.of.cause","other.plane","mode.of.existence","great.water","two.word","spirit.of.god","unique.force","frightful.dream"
"100","third.stage","two.force","existence.of.demon","one.person","good.spirits","materialistic.science","other.planets","constitution.of.man","piazzi.smyth","boundless.circle","name.of.4.letter","sympathetic.spirit"
"101","immaculate.mother","elementary.form","de.paul","four.hour","spiritual.state","human.consciousness","progression","higher.degree","modern.time","phallic.worship","X4.colour","odic.fluid"
"102","one.hand","primordial.light","tarot.card","profound.sleep","one.evening","terrestrial.life","important.truth","human.nature","four.letter","force.in.nature","egyptian.religion","aleister.crowley"
"103","very.essence","mundane.egg","day.house","state.of.mind","spirit.manifestation","new.existence","original.cause","great.nation","very.fact","force.of.nature","present.generation","member.of.the.second.order"
"104","root.of.life","supreme.wisdom","magical.work","young.woman","one.thing","incarnate.spirit","species.of.animal","two.nation","natural.force","such.case","astronomical.observation","letter.shin"
"105","divine.mystery","ancient.mystery","master.of.the.world","external.impressions","divine.light","spirit.life","organic.being","sir.william","divine.name","last.word","sacred.record","grave.matter"
"106","generative.power","day.of.brahmâ","clavicle.of.solomon","effect.of.animal","divine.power","occult.philosophy","essential.quality","origin.of.evil","christian.religion","secret.of.nature","historical.fact","pack.of.card"
"107","different.aspect","lunar.year","great.word","effect.of.animal.magnetism","seven.year","few.year","vegetable.form","law.of.mose","ancient.world","single.man","many.time","system.of.thought"
"108","cosmic.gods","anima.mundi","sacred.word","extraordinary.phenomena","female.form","central.point","thousand.mile","mass.of.mankind","comte.de","wise.man","zend.avesta","religious.philosophy"
"109","infinite.time","seven.vowel","absolute.liberty","epigastric.region","left.side","absolute.consciousness","vegetable.creation","teaching.of.jesus","pure.gold","great.hierophant","such.teaching","fitzedward.hall"
"110","ideal.form","divine.idea","magnetic.chain","natural.somnambulist","free.will","great.breath","present.time","tower.of.babel","universal.harmony","great.deep","present.state","professor.max"
"111","two.kind","divine.voice","primitive.alphabet","nine.o.clock","two.minute","phenomenal.world","same.principle","spiritual.death","wild.beasts","universal.revelation","great.period","ample.time"
"112","second.logo","physical.sense","wheel.of.ezekiel","animal.nature","quarter.of.a.hour","planetary.spirit","lowest.point","intellectual.attainment","madame.de","morning.star","root.of.the.world","black.water"
"113","christian.fathers","soul.of.thing","sin.of.adam","same.hour","own.nature","one.reality","spiritual.existence","general.mind","essential.law","such.force","upper.end","ancient.magic"
"114","letter.aleph","astral.fluid","little.albert","many.year","old.age","physical.brain","external.appearance","atmosphere.of.light","will.of.man","man.of.genius","freedom.of.action","occult.power"
"115","son.of.the.fire","centre.of.force","magical.square","young.girl","little.child","divine.man","natural.result","individual.interest","rosicrucian.initiation","new.birth","more.ample","actual.existence"
"116","same.meaning","archaic.teaching","mystery.of.the.kabbalah","first.volume","earthly.existence","power.of.nature","degree.of.perfection","principles.of.nature","incarnate.word","universal.harmony","physical.world","occult.art"
"117","ten.number","one.place","female.pope","two.person","fifteen.year","human.intellect","law.of.progression","will.to.man","antique.initiation","world.of.cause","one.half","highest.point"
"118","live.god","material.nature","solar.cross","five.year","poor.man","physical.nature","many.portion","teaching.of.nature","golden.fleece","common.people","thousand.year","patriarch.abraham"
"119","great.gods","subba.row","chinese.tarot","organic.life","part.of.the.country","primal.cause","such.thing","spiritual.elevation","absolute.reason","earthly.paradise","present.life","two.point"
"120","seven.angels","personal.god","grand.copht","higher.grade","six.year","physical.world","highest.degree","celestial.purity","magical.initiation","catholic.religion","many.place","infinite.principle"
"121","spirit.of.the.star","psychic.nature","construction.of.the.tarot","only.one","same.kind","world.of.matter","inherent.quality","primitive.nation","star.of.solomon","human.will","organ.of.sense","absolute.cause"
"122","cosmic.plane","seven.key","symbolism.of.the.tarot","certain.condition","such.circumstance","good.reason","mineral.kingdom","many.portion","result.from.the.analogy","elder.world","own.brain","plane.of.the.circle"
"123","secondary.aspect","such.case","X4th.arcanum","own.life","good.one","sidereal.body","form.of.matter","least.degree","false.gnostic","old.temple","hebrew.text","two.symbol"
"124","solar.energy","gross.body","two.column","few.hour","two.friend","million.of.year","original.condition","inhabitant.of.asia","early.century","real.power","last.term","translation.of.the.vishnu"
"125","animal.soul","aurora.borealis","application.of.the.tarot","left.hand","baron.dupotet","human.be","perfect.harmony","vocal.communication","ray.of.light","seven.seal","same.manner","translation.of.the.vishnu.purâna"
"126","letter.of.the.word","dead.letter","incarnation","middle.ag","new.science","human.monad","day.of.creation","condition.of.the.race","divine.world","seven.genii","very.word","one.from.the.egg"
"127","old.hebrew","carbonic.acid","rapping","physical.life","ten.year","physical.phenomena","external.thing","principle.of.morality","later.period","transcendent.kabbalah","smallest.atom","second.one"
"128","jewish.nation","magic.agent","book.of.thoth","daily.life","common.sense","vital.principle","highest.type","sanskrit.language","soul.of.the.world","ancient.initiation","scientific.truth","small.wheel"
"129","five.pillars","primeval.matter","few.detail","four.year","material.existence","invisible.world","general.principle","social.disunity","double.triangle","sacerdotal.art","many.century","correct.age"
"130","four.side","river.of.life","complete.system","whole.time","other.case","moral.sense","same.species","sectarian.prejudice","one.class","two.triangles","own.hand","fourth.spoke"
"131","terrestrial.element","egyptian.priest","few.fact","magnetical.phenomena","superior.spirit","imperfect.spirit","physical.organization","moral.reformer","tree.of.knowledge","magical.rod","third.chapter","path.of.knowledge"
"132","secret.knowledge","bhagavad.gîtâ","such.work","magnetic.treatment","scientific.man","great.adept","animal.organization","central.power","secret.of.nature","joseph.de","intermediate.period","great.number"
"133","symbol.of.wisdom","sixteenth.century","new.religion","state.of.insensibility","first.day","third.root","must.of.necessity","principle.of.reason","human.body","hieroglyphical.sign","evil.genius","ray.of.the.sun"
"134","sepher.yetzirah","bright.line","great.illusion","three.minute","own.experience","two.aspect","various.species","first.society","one.side","monad","few.remark","primordial.water"
"135","divine.light","soul.of.the.earth","same.spirit","divining.rod","last.one","karmic.law","circle.of.suns","amount.of.labor","universal.law","book.of.dzyan","such.observation","sacr.animal"
"136","lower.sephiroth","four.elementary.form","first.cause","magnetic.life","other.day","vishnu.purâna","vegetable.formation","human.will","ancient.mythology","father.of.the.church","same.error","zodiacal.constellation"
"137","great.sacrifice","theosophical.society","other.side","sleepwak.state","little.boy","objective.universe","form.in.the.vegetable","knowledge.of.the.future","universal.religion","work.of.creation","vicissitude.of.the.season","exoteric.teaching"
"138","last.moment","absolute.wisdom","son.of.dark.space","hieroglyphic.meaning","own.thought","great.truth","form.in.the.animal","other.man","red.sea","entire.system","old.age","divine.love"
"139","lord.god","true.philosopher","dark.water","ancient.philosopher","many.people","life.on.earth","spiritual.essence","internal.evidence","same.law","manvantaric.dawn","aged.man","four.great.division"
"140","nature.spirit","absolute.principle","dragon.of.wisdom","other.word","sight.of.god","âtmâ..buddhi","same.class","many.nation","other.cause","divine.mother","individual.life","kind.of.evil"
"141","terrestrial.nature","modern.scientist","shining.one","normal.condition","similar.one","spiritual.plane","present.form","new.form","natural.science","later.period","grand.system","present.form"
"142","holy.of.holy","own.way","shoreless.sea","et.seq","many.individual","spirit.into.matter","spiritual.principle","zend.avesta","opposite.direction","magic.lantern","eight.year","eye.view"
"143","chemical.action","first.manifestation","great.water","appointed.time","blue.eye","divine.spirit","other.planet","nature.of.thing","de.gebelin","progress","liberty.of.conscience","celestial.man"
"144","dogmatic.religion","water.of.space","seven.eternity","physical.world","inferior.spirit","living.being","cause.of.all.thing","present.form","three.part","absolute.being","first.inhabitant","one.portion"
"145","ancient.system","female.aspect","par.excellence","peculiar.state","old.woman","eastern.philosophy","first.principle","several.century","old.man","first.chapter","system.of.theology","one..s"
"146","fathers.of.the.church","isaac.newton","eight.house","early.part","ten.minute","human.form","free.will","one.language","field.of.battle","sacred.number","caribbean.sea","many.name"
"147","solar.god","planetary.system","brilliant.sun","light.of.the.sun","young.woman","superior.spirit","sixth.day","such.truth","catholic.priest","satya.yuga","historical.information","divine.perfection"
"148","diameter.line","universal.mind","open.book","own.system","public.hospital","other.life","law.of.motion","many.thousand.year","magnetic.current","same.subject","great.degree","living.tree"
"149","seven.rector","plane.of.manifestation","same.process","female.figure","dead.person","abstract.idea","whole.creation","william.thomson","lord.jesus","occult.work","highest.respect","chaotic.mass"
"150","direct.ray","same.number","seven.mystery","eminent.physician","high.bailiff","same.manner","immensity.of.space","love.of.truth","same.moment","mount.meru","divine.creator","right.path"
"151","two.force","real.world","three.degree","natural.world","materialization","past.life","own.nature","various.degree","french.revolution","other.name","book.of.the.old.testament","ancient.egyptian"
"152","point.of.departure","physical.cause","early.period","same.cause","state.of.somnambulism","degree.of.perfection","true.conception","general.principles","fatal.consequence","word.of.god","spirit.of.prophecy","presence.of.the.ancient"
"153","popular.belief","age.of.brahmâ","cardinal.virtue","same.person","good.deal","spiritual.life","mental.organization","good.man","entire.world","great.gods","influx.of.divine","various.kind"
"154","supreme.be","three.principle","instructor.of.mankind","three.week","son.of.god","occult.power","ultimate.perfection","one.thousand.year","great.name","great.event","character.of.the.divine.mind","second.fact"
"155","pure.life","human.intellect","class.of.being","much.time","six.month","esoteric.doctrine","essential.principle","system.of.religion","perfect.word","same.idea","life.of.jesus","ideal.light"
"156","most.people","geometrical.figure","seventh.day","organ.of.the.body","one.point","exact.science","inherent.property","absolute.certainty","book.of.thoth","same.thing","new.tongue","divine.revelation"
"157","movement.of.the.universe","cosmic.dust","seven.day","material.envelope","certain.person","son.of.light","ultimate.design","line.of.demarcation","sacred.alphabet","two.body","deadly.thing","simple.reason"
"158","spirit.of.wisdom","solar.fire","greek.text","very.moment","second.volume","visible.universe","surface.of.the.earth","sense.of.justice","magical.ceremony","highest.degree","revelation.of.st","first.idea"
"159","spirit.of.truth","spiritual.sun","second.chapter","sick.person","other.part","anthropomorphic.god","mental.constitution","sense.of.duty","analogy.of.contrary","twelve.sign","new.idea","spiritual.light"
"160","cardinal.richelieu","certain.sense","great.magician","eye..witness","own.eye","immutable.law","celestial.form","many.instance","human.genius","ten.sephiroth","great.food","state.of.thing"
"161","human.science","elementary.substance","one.instance","perfect.health","several.hour","sixth.principle","previous.age","historical.record","key.of.the.tarot","spiritual.perception","magical.calendar","period.of.creation"
"162","joan.of.arc","manifested.world","holy.of.holy","lower.spirit","many.man","first.stage","vegetable.productions","form.of.worship","fire.from.heaven","spiritual.substance","calendar.of.tycho","art..speech"
"163","spirit.vision","physical.world","lower.personality","fact.of.animal","evil.thought","point.of.view","history.of.the.earth","public.mind","harmony.result","great.god","magical.ritual","religious.evolution"
"164","white.light","centre.of.energy","more.importance","fact.of.animal.magnetism","external.manifestation","blind.faith","condition.of.the.earth","new.heaven","saint..germain","eastern.esotericism","wheel.of.fortune","wisest.of.man"
"165","letter.tau","light.of.the.logo","such.fact","therapeutical.agent","different.place","plane.of.illusion","exterior.form","interior.truth","present.writer","true.god","card.in.the.tarot","precept.of.the.veda"
"166","number.of.the.letter","vaikharî.vâch","idea.of.the.origin","magnetic.somnambule","god.v","law.of.karma","highest.point","manifestation.of.nature","ancient.wisdom","two.principle","second.card","end.of.the.kalpa"
"167","great.master","chemical.atom","sacr.fire","magnetic.somnambulist","good.faith","such.knowledge","form.of.man","serious.conviction","first.manifestation","whole.earth","vertical.column","object.of.sense"
"168","sign.of.the.cross","primordial.chaos","form.of.the.cranium","curiious.fact","goodness.of.god","higher.world","long.period","freeborn.mind","other.nation","mere.illusion","X1st.septenary","terrible.penalty"
"169","tarot.pack","struggle.for.life","ancient.manuscript","one.individual","good.heaven","other.planets","man.on.earth","delicious.fruit","other.side","three.group","various.writer","flash.of.light"
"170","house.of.the.figure","modern.time","generative.organ","own.accord","several.question","such.case","formation.of.the.earth","united.voice","little.one","own.part","slightest.trace","external.world"
"171","indispensable.condition","body.of.man","seven.star","twelve.o.clock","little.niece","civilized.nation","inner.principle","previous.generation","first.divine","right.angles","natural.course","climacteric.year"
"172","four.star","spiritual.element","time.in.heaven","immaterial.being","father.lauriot","only.one","more.light","great.temple","human.knowledge","possible.combination","true.key","imitation.of.nature"
"173","sacred.vessel","new.theory","twelve.month","time.of.death","large.nose","spiritual.entity","mind.of.man","celestial.love","fundamental.dogma","most.part","greater.portion","remarkable.work"
"174","false.adept","living.soul","one.material","bright.form","great.thing","world.of.spirit","natural.law","distinct.nation","one.substance","several.year","mother.of.jesus","sacred.text"
"175","letter.of.the.sacred.name","great.magic","human.face","karma","do.magnetisme","material.element","highest.form","mythological.theology","finite.god","precious.stone","sided.view","divine.one"
"176","symbol.of.the.tarot","magic.power","sole.aim","progress","secret.of.the.life","universal.principle","mutual.relation","immortal.truth","two.letter","one.night","immutable.law","minded.people"
"177","first.time","contrary.force","essential.condition","six.time","open.forehead","principle.of.life","eternal.motion","southern.portion","eternal.law","new.revelation","physical.science","such.process"
"178","hidden.truth","centrifugal.force","two.head","same.fact","several.day","previous.life","specific.gravity","vocal.sound","great.pyramid","minded.man","one.principle","such.union"
"179","direct.reference","own.word","modern.world","many.time","principle.of.animal","lower.self","class.of.animal","theological.speculation","circular.movement","little.child","seven.sublime","mode.of.life"
"180","very.name","phenomenal.manifestation","jesus.christ","last.time","principle.of.animal.magnetism","bad.spirit","external.world","many.tribe","own.soul","supreme.moment","sublime.lord","form.of.religion"
"181","christian.trinity","various.name","true.light","good.deal","north.london","other.spirit","form.in.nature","eastern.asia","simple.body","need.of.humanity","son.of.necessity","part.of.god"
"182","night.of.time","active.principle","same.event","new.life","london.hospital","certain.degree","active.agent","subordinate.spirit","great.law","magnetic.current","two.substance","inferior.spirit"
"183","classical.writer","principle.of.all.thing","mild.disposition","organ.of.speech","mode.of.treatment","word.soul","possible.means","early.impressions","order.of.thing","human.wisdom","mother.of.mercy","gift.of.god"
"184","book.of.number","two.principle","small.table","physical.universe","favour.of.animal","social.standing","very.moment","interior.perception","last.day","three.thing","son.of.the.son","full.acceptation"
"185","one.circle","opposing.force","evil.influence","spiritual.nature","favour.of.animal.magnetism","sphere.of.sensation","different.species","sectarian.hostility","twelve.sign","evil.eye","universal.thought","most.sincere"
"186","natural.evolution","latent.light","red.velvet","opposite.side","phenomena.of.animal","cosmic.evolution","great.system","early.writer","great.prophet","idea.of.god","st..michael","holy.mystery"
"187","opposite.pole","physical.sciences","crown.of.gold","river.of.life","phenomena.of.animal.magnetism","author.of.esoteric.buddhism","unchangeable.law","lord.spake","same.order","astral.force","holy.spirit","doctor.bertrand"
"188","animating.principle","corpuscular.theory","ecstatic.state","organ.of.sense","human.mind","esoteric.school","present.condition","theological.system","figurative.expression","secret.of.the.kabbalah","identity.of.man","spiritual.development"
"189","lower.aspect","state.of.motion","bad.faith","new.world","own.image","course.of.time","general.truth","interior.meaning","new.york","three.septenary","seven.sense","constant.yearning"
"190","christian.mystic","gaseous.state","same.enjoyment","ordinary.language","new.faith","archaic.doctrine","adequate.conception","destruction.of.jerusalem","equilateral.triangle","exact.proportion","period.of.rest","sublime.workings"
"191","son.of.the.divine","objective.world","moral.being","long.time","other.word","middle.point","living.principle","actual.occurrence","dual.force","hilarion.tissot","four.living","degree.of.advancement"
"192","great.mother","such.condition","dark.flaxen","human.passion","other.means","latin.church","vegetable.existence","general.resurrection","decimal.notation","harmoney.of.nature","live.creature","natural.language"
"193","root.idea","negative.pole","man.of.good.faith","material.object","one.hand","fourth.race","united.action","human.industry","generative.organ","holy.kabbalah","one.source","allegorical.expression"
"194","celestial.virgin","universal.fluid","good.god","such.belief","other.side","plane.of.existence","great.power","higher.society","queen.of.the.world","key.of.basil","le.jour","casting.of.lot"
"195","magnum.of.paracelsus","vital.light","saint.martin","le.couturier","few.word","fundamental.law","successive.development","legal.profession","two.serpent","key.of.basil.valentine","external.evidence","fire.of.love"
"196","real.esoteric.meaning","modern.physicist","alexandre.duma","same.state","deep.sleep","fifth.principle","perfect.order","automatic.consciousness","knowledge.of.good","central.fire","primary.cause","common.people"
"197","four.age","human.mind","alphonse.esquiro","other.subject","similar.manner","universal.life","proper.conception","first.time","spirit.of.darkness","sovereign.priesthood","difficulty.in.the.way","ethnic.group"
"198","boundless.space","esoteric.teaching","country.people","such.effect","higher.world","anima.mundi","rotary.motion","future.generation","one.step","science.of.equilibrium","different.set","crucial.point"
"199","secondary.creation","pristine.purity","square.handkerchief","regular.course","same.condition","celestial.being","structure.of.the.universe","great.portion","certain.extent","hugh.de","one.member","thing.of.this.world"
"200","differentiated.aspect","official.science","stout.man","theosophical.doctrine","physical.phenomena","great.difference","order.of.animal","race.of.mankind","three.magi","ring.of.solomon","divine.source","order.of.idea"
